word,categ
you,other
go,verb
to,other
my,other
head,noun
and,other
you,other
linger,verb
like,descrip
a,other
haunting,verb
refrain,noun
and,other
i,other
find,verb
you,other
spinning,verb
round,other
in,other
my,other
brain,noun
like,other
the,other
bubbles,noun
in,other
a,other
glass,noun
of,other
champagne,noun
you,other
go,verb
to,other
my,other
head,noun
like,descrip
a,other
sip,noun
of,other
sparkling,verb
burgundy,descrip
brew,noun
and,other
i,other
find,verb
the,other
very,descrip
mention,noun
of,other
you,other
like,descrip
the,other
kicker,noun
in,other
a,other
julep,noun
or,other
two,other
the,other
thrill,noun
of,other
the,other
thought,noun
that,other
you,other
might,verb
give,verb
a,other
thought,noun
to,other
my,other
plea,noun
cast,verb
a,other
spell,noun
over,other
me,other
still,descrip
i,other
say,verb
to,other
myself,other
get,verb
a,other
hold,noun
of,other
yourself,other
can’t,other
you,other
see,verb
that,other
it,other
never,descrip
can,verb
be,verb
you,other
go,verb
to,other
my,other
head,noun
with,other
a,other
smile,noun
that,other
makes,verb
my,other
temperature,noun
rise,verb
like,descrip
a,other
summer,noun
with,other
a,other
thousand,noun
julys,noun
you,other
intoxicate,verb
my,other
soul,noun
with,other
your,other
eyes,noun
though,other
i’m,other
certain,descrip
that,other
this,other
heart,noun
of,other
mine,other
hasn’t,other
a,other
ghost,noun
of,other
a,other
chance,noun
in,other
this,descrip
crazy,descrip
romance,noun
you,other
go,verb
to,other
my,other
head,noun
you,other
go,verb
to,other
my,other
head,noun
there’s,other
a,other
somebody,other
i’m,other
longing,verb
to,other
see,verb
i,other
hope,verb
that,other
she,other
turns,verb
out,other
to,other
be,verb
someone,other
who’ll,other
watch,verb
over,other
me,other
i’m,other
a,other
little,descrip
lamb,noun
who’s,other
lost,verb
in,other
the,other
wood,noun
i,other
know,verb
i,other
could,verb
always,descrip
be,verb
good,descrip
to,other
one,other
who’ll,other
watch,verb
over,other
me,other
although,descrip
i,other
may,verb
not,other
be,verb
the,other
man,noun
some,descrip
girls,noun
think,verb
of,other
as,other
handsome,descrip
to,other
her,other
heart,noun
i’ll,other
carry,verb
the,other
key,noun
won’t,other
you,other
tell,verb
her,other
please,descrip
to,other
put,verb
on,other
some,descrip
speed,noun
follow,verb
my,other
lead,noun
oh,other
how,other
i,other
need,verb
someone,other
to,other
watch,verb
over,other
me,other
won’t,other
you,other
tell,verb
her,other
please,descrip
to,other
put,verb
on,other
some,descrip
speed,noun
follow,verb
my,other
lead,noun
oh,other
how,other
i,other
need,verb
someone,other
to,other
watch,verb
over,other
me,other
a,other
cigarette,noun
that,other
bears,verb
a,other
lipstick’s,noun
traces,noun
an,other
airline,noun
ticket,noun
to,other
romantic,descrip
places,noun
and,other
still,descrip
my,other
heart,noun
has,verb
wings,noun
these,other
foolish,descrip
things,noun
remind,verb
me,other
of,other
you,other
a,other
tinkling,verb
piano,noun
in,other
the,other
next,descrip
apartment,noun
those,other
stumbling,verb
words,noun
that,other
told,verb
you,other
what,other
my,other
heart,noun
meant,verb
a,other
fairground’s,noun
painted,verb
swings,noun
these,other
foolish,descrip
things,noun
remind,verb
me,other
of,other
you,other
you,other
came,verb
you,other
saw,verb
you,other
conquered,verb
me,other
when,other
you,other
did,verb
that,other
to,other
me,other
i,other
knew,verb
somehow,descrip
this,other
had,verb
to,other
be,verb
the,other
winds,noun
of,other
march,noun
that,other
make,verb
my,other
heart,noun
a,other
dancer,noun
a,other
telephone,noun
that,other
rings,verb
but,other
who’s,other
to,other
answer,verb
oh,other
how,other
the,other
ghost,noun
of,other
you,other
clings,verb
these,other
foolish,descrip
things,noun
remind,verb
me,other
of,other
you,other
the,other
smile,noun
of,other
turner,other
and,other
the,other
scent,noun
of,other
roses,noun
the,other
waiters,noun
whistling,verb
as,other
the,other
last,descrip
bar,noun
closes,verb
the,other
song,noun
that,other
crosby,other
sings,verb
these,other
foolish,descrip
things,noun
remind,verb
me,other
of,other
you,other
why,descrip
shouldn’t,other
i,other
take,verb
a,other
chance,noun
when,descrip
romance,noun
passes,verb
by,other
why,descrip
shouldn’t,other
i,other
know,verb
of,other
love,noun
why,descrip
wait,verb
around,other
when,descrip
each,descrip
age,noun
has,verb
a,other
sage,noun
who,descrip
has,verb
sung,verb
that,other
upon,other
this,other
earth,noun
love,noun
is,verb
all,descrip
that,other
is,verb
really,descrip
worth,descrip
thinking,verb
of,other
it,other
must,verb
be,verb
fun,descrip
lots,descrip
of,other
fun,descrip
to,other
be,verb
sure,descrip
when,descrip
day,noun
is,verb
done,verb
that,descrip
the,other
hour,noun
is,verb
coming,verb
when,descrip
you’ll,other
be,verb
kissed,verb
and,other
then,descrip
you’ll,other
be,verb
kissed,verb
again,descrip
all,descrip
debutantes,noun
say,verb
it’s,other
good,descrip
and,other
every,descrip
star,noun
out,other
in,other
far,descrip
hollywood,other
seems,verb
to,other
give,verb
it,other
a,other
try,noun
so,other
why,descrip
shouldn’t,other
i,other
all,descrip
debutantes,noun
say,verb
it’s,other
good,descrip
and,other
every,descrip
star,noun
out,other
in,other
far,descrip
hollywood,other
seems,verb
to,other
give,verb
it,other
a,other
try,noun
so,other
why,descrip
shouldn’t,other
i,other
i,other
don’t,other
know,verb
why,descrip
i,other
love,verb
you,other
like,descrip
i,other
do,verb
i,other
don’t,other
why,descrip
i,other
just,descrip
do,verb
i,other
don’t,other
know,verb
why,descrip
you,other
thrill,verb
me,other
like,descrip
you,other
do,verb
i,other
don’t,other
know,verb
why,descrip
you,other
just,descrip
do,verb
you,other
never,descrip
seem,verb
to,other
want,verb
my,other
romancing,verb
the,other
only,descrip
time,noun
you,other
hold,verb
me,other
is,verb
when,descrip
we’re,other
dancing,verb
i,other
don’t,other
know,verb
why,descrip
i,other
love,verb
you,other
like,descrip
i,other
do,verb
i,other
don’t,other
know,verb
why,descrip
i,other
just,descrip
do,verb
i,other
don’t,other
know,verb
why,descrip
i,other
love,verb
you,other
like,descrip
i,other
do,verb
i,other
don’t,other
know,verb
why,descrip
i,other
just,descrip
do,verb
i,other
don’t,other
know,verb
why,descrip
you,other
thrill,verb
me,other
like,descrip
you,other
do,verb
i,other
don’t,other
know,verb
why,descrip
but,other
you,other
do,verb
you,other
never,descrip
seem,verb
to,other
want,verb
my,other
romancing,verb
the,other
only,descrip
time,noun
you,other
hold,verb
me,other
is,verb
when,descrip
we’re,other
dancing,verb
i,other
don’t,other
know,verb
why,descrip
i,other
love,verb
you,other
like,descrip
i,other
do,verb
i,other
don’t,other
know,verb
why,descrip
but,other
i,other
do,verb
in,other
the,other
hustle,noun
of,other
the,other
day,noun
we’re,other
all,descrip
inclined,verb
to,other
miss,verb
little,descrip
things,noun
that,other
mean,verb
so,descrip
much,descrip
a,other
word,noun
a,other
smile,noun
and,other
a,other
kiss,noun
when,descrip
a,other
woman,noun
loves,verb
a,other
man,noun
he’s,other
a,other
hero,noun
in,other
her,other
eyes,noun
and,other
a,other
hero,noun
he,other
can,verb
always,descrip
be,verb
if,other
he’ll,other
just,descrip
realize,verb
she,other
may,verb
be,verb
weary,descrip
women,noun
do,verb
get,verb
weary,descrip
wearing,verb
the,other
same,descrip
shabby,descrip
dress,noun
and,other
when,descrip
she’s,other
weary,descrip
try,verb
a,other
little,descrip
tenderness,noun
she,other
may,verb
be,verb
waiting,verb
just,descrip
anticipating,verb
things,noun
she,other
may,verb
never,descrip
possess,verb
while,descrip
she’s,other
without,other
them,other
try,verb
a,other
little,descrip
tenderness,noun
it’s,other
not,other
just,descrip
sentimental,descrip
she,other
has,verb
her,other
grief,noun
and,other
her,other
care,noun
but,other
a,other
word,noun
that’s,other
soft,descrip
and,other
gentle,descrip
makes,verb
it,other
easier,descrip
to,other
bear,verb
you,other
won’t,other
regret,verb
it,other
women,noun
don’t,other
forget,verb
it,other
love,noun
is,other
their,other
whole,descrip
happiness,noun
and,other
it’s,other
all,descrip
so,descrip
easy,descrip
try,verb
a,other
little,descrip
tenderness,noun
i,other
need,verb
your,other
love,noun
so,descrip
badly,descrip
i,other
love,verb
you,other
oh,other
so,descrip
madly,descrip
but,other
i,other
don’t,other
stand,verb
a,other
ghost,noun
of,other
a,other
chance,noun
with,other
you,other
i,other
thought,verb
at,other
last,descrip
i’d,other
found,verb
you,other
but,other
other,descrip
loves,noun
surround,verb
you,other
and,other
i,other
don’t,other
stand,verb
a,other
ghost,noun
of,other
a,other
chance,noun
with,other
you,other
if,other
you’d,other
surrender,verb
just,descrip
for,other
a,other
tender,descrip
kiss,noun
or,other
two,other
you,other
might,verb
discover,verb
that,other
i’m,other
the,other
lover,noun
meant,verb
for,other
you,other
and,other
i’d,other
be,verb
true,descrip
but,other
what’s,other
the,other
good,noun
of,other
scheming,verb
i’m,other
dreaming,verb
'cause,other
i,other
don’t,other
stand,verb
a,other
ghost,noun
of,other
a,other
chance,noun
with,other
you,other
what’s,other
the,other
good,noun
of,other
scheming,verb
i’m,other
dreaming,verb
'cause,other
i,other
don’t,other
stand,verb
a,other
ghost,noun
of,other
a,other
chance,noun
with,other
you,other
and,other
then,descrip
she,other
holds,verb
my,other
hand,noun
and,other
then,descrip
i,other
understand,verb
her,other
eyes,noun
afire,descrip
with,other
one,other
desire,noun
a,other
heavenly,descrip
kiss,noun
could,verb
i,other
resist,verb
and,other
then,descrip
she,other
dims,verb
the,other
light,noun
and,other
then,descrip
she,other
holds,verb
me,other
tight,descrip
one,other
kiss,noun
one,other
fond,descrip
caress,noun
will,verb
lead,verb
the,other
way,noun
to,other
happiness,noun
she,other
takes,verb
me,other
to,other
paradise,noun
one,other
kiss,noun
one,other
fond,descrip
caress,noun
will,verb
lead,verb
the,other
way,noun
to,other
happiness,noun
she,other
takes,verb
me,other
to,other
paradise,noun
my,other
heart,noun
is,other
sad,descrip
and,other
lonely,descrip
for,other
you,other
i,other
sigh,verb
for,other
you,other
dear,descrip
only,descrip
why,descrip
haven’t,other
you,other
seen,verb
it,other
i’m,other
all,descrip
for,other
you,other
body,noun
and,other
soul,noun
i,other
spend,verb
my,other
days,noun
in,other
longing,verb
and,other
wondering,verb
why,descrip
it’s,other
me,other
you’re,other
wronging,verb
i,other
tell,verb
you,other
i,other
mean,verb
it,other
i’m,other
all,descrip
for,other
you,other
body,noun
and,other
soul,noun
i,other
can’t,other
believe,verb
it,other
it’s,other
hard,descrip
to,other
conceive,verb
it,other
that,other
you’d,other
turn,verb
away,other
romance,noun
are,verb
you,other
pretending,verb
it,other
looks,verb
like,descrip
the,other
ending,noun
unless,other
i,other
could,verb
have,verb
one,other
more,descrip
chance,noun
to,other
prove,verb
dear,noun
my,other
life,noun
a,other
wreck,noun
you’re,other
making,verb
you,other
know,verb
i’m,other
yours,other
for,other
just,descrip
the,other
taking,verb
i’d,other
gladly,descrip
surrender,verb
myself,other
to,other
you,other
body,noun
and,other
soul,noun
my,other
life,noun
a,other
wreck,noun
you’re,other
making,verb
you,other
know,verb
i’m,other
yours,other
for,other
just,descrip
the,other
taking,verb
i,other
would,verb
gladly,descrip
surrender,verb
myself,other
to,other
you,other
body,noun
and,other
soul,noun
laura,other
is,verb
the,other
face,noun
in,other
the,other
misty,descrip
light,noun
footsteps,noun
that,other
you,other
hear,verb
down,other
the,other
hall,noun
the,other
laugh,noun
that,other
floats,verb
on,other
a,other
summer,noun
night,noun
that,other
you,other
can,verb
never,descrip
quite,descrip
recall,verb
and,other
you,other
see,verb
laura,other
on,other
a,other
train,noun
that,other
is,verb
passing,verb
through,other
those,other
eyes,noun
how,other
familiar,descrip
they,other
seem,verb
she,other
gave,verb
your,other
very,descrip
first,descrip
kiss,noun
to,other
you,other
that,other
was,verb
laura,other
but,other
she’s,other
only,descrip
a,other
dream,noun
romance,noun
is,verb
a,other
game,noun
for,other
fools,noun
i,other
used,verb
to,other
say,verb
a,other
game,noun
i,other
thought,verb
i’d,other
never,descrip
play,verb
romance,noun
is,verb
a,other
game,noun
for,other
fools,noun
i,other
said,verb
and,other
grinned,verb
then,descrip
you,other
passed,verb
by,other
and,other
here,descrip
am,verb
i,other
throwing,verb
caution,noun
through,other
the,other
wind,noun
fools,noun
rush,verb
in,other
where,descrip
angels,noun
fear,verb
to,other
tread,verb
and,other
so,other
i,other
come,verb
to,other
you,other
my,other
love,noun
my,other
heart,noun
above,descrip
my,other
head,noun
though,other
i,other
see,verb
the,other
danger,noun
there,descrip
if,other
there’s,other
a,other
chance,noun
for,other
me,other
then,descrip
i,other
don’t,other
care,verb
fools,noun
rush,verb
in,other
where,descrip
wise,descrip
men,noun
never,descrip
go,verb
but,other
wise,descrip
men,noun
never,descrip
fall,verb
in,other
love,noun
so,other
how,descrip
are,verb
they,other
to,other
know,verb
when,descrip
we,other
met,verb
i,other
felt,verb
my,other
life,noun
begin,verb
so,other
open,verb
up,other
your,other
heart,noun
and,other
let,verb
this,other
fool,noun
rush,verb
in,other
once,descrip
there,other
was,verb
a,other
thing,noun
called,verb
spring,noun
when,descrip
the,other
world,noun
was,verb
writing,verb
verses,noun
like,descrip
yours,other
and,other
mine,other
all,descrip
the,other
lads,noun
and,other
girls,noun
would,verb
sing,verb
when,descrip
we,other
set,verb
at,other
little,descrip
tables,noun
and,other
drank,verb
may,descrip
wine,noun
now,descrip
april,noun
may,noun
and,other
june,noun
are,verb
sadly,descrip
out,other
of,other
tune,noun
life,noun
has,verb
stuck,verb
the,other
pin,noun
in,other
the,other
balloon,noun
spring,noun
is,verb
here,descrip
why,descrip
doesn’t,other
my,other
heart,noun
go,verb
dancing,verb
spring,noun
is,verb
here,descrip
why,descrip
isn’t,other
the,other
waltz,noun
entrancing,verb
no,other
desire,noun
no,other
ambition,noun
leads,verb
me,other
maybe,descrip
it’s,other
because,other
nobody,other
needs,verb
me,other
spring,noun
is,other
here,descrip
why,descrip
doesn’t,other
the,other
breeze,noun
delight,verb
me,other
stars,noun
appear,verb
why,descrip
doesn’t,other
the,other
night,noun
invite,verb
me,other
maybe,descrip
it’s,other
because,other
nobody,other
loves,verb
me,other
spring,noun
is,other
here,descrip
i,other
hear,verb
it’s,other
quarter,noun
to,other
three,other
there’s,other
no,other
one,other
in,other
the,other
place,noun
except,other
you,other
and,other
me,other
so,other
set,verb
them,other
up,other
joe,other
i,other
got,verb
a,other
little,descrip
story,noun
i,other
think,verb
you,other
should,verb
know,verb
we’re,other
drinking,verb
my,other
friend,noun
to,other
the,other
end,noun
of,other
a,other
brief,descrip
episode,noun
make,verb
it,other
one,other
for,other
my,other
baby,noun
and,other
one,other
more,descrip
for,other
the,other
road,noun
i,other
got,verb
the,other
routine,noun
put,verb
another,descrip
nickel,noun
in,other
the,other
machine,noun
i’m,other
feeling,verb
so,descrip
bad,descrip
can’t,other
you,other
make,verb
the,other
music,noun
easy,descrip
and,other
sad,descrip
i,other
could,verb
tell,verb
you,other
a,other
lot,other
but,other
you’ve,other
got,verb
to,other
be,verb
true,descrip
to,other
your,other
code,noun
just,descrip
make,verb
it,other
one,other
for,other
my,other
baby,noun
and,other
one,other
more,descrip
for,other
the,other
road,noun
you’d,other
never,descrip
know,verb
it,other
but,other
buddy,noun
i’m,other
a,other
kind,noun
of,other
poet,noun
and,other
i,other
got,verb
a,other
lot,other
of,other
things,noun
i’d,other
like,verb
to,other
say,verb
and,other
when,descrip
i’m,other
gloomy,descrip
won’t,other
you,other
listen,verb
to,other
me,other
till,other
it’s,other
talked,verb
away,other
well,other
that’s,other
how,descrip
it,other
goes,verb
and,other
joe,other
i,other
know,verb
your,other
getting,verb
anxious,descrip
to,other
close,descrip
and,other
thanks,other
for,other
the,other
cheer,noun
i,other
hope,verb
you,other
didn’t,other
mind,verb
my,other
bending,verb
your,other
ear,noun
but,other
this,other
torch,noun
that,other
i,other
found,verb
it’s,other
gotta,other
be,verb
drowned,verb
or,other
it,other
soon,descrip
might,verb
explode,verb
so,other
make,verb
it,other
one,other
for,other
my,other
baby,noun
and,other
one,other
more,descrip
for,other
the,other
road,noun
the,other
long,descrip
it’s,other
so,descrip
long,descrip
the,other
long,descrip
very,descrip
long,descrip
the,other
torch,noun
i,other
carry,verb
is,other
handsome,descrip
it’s,other
worth,descrip
its,other
heartache,noun
in,other
ransom,noun
and,other
when,descrip
the,other
twilight,noun
steals,verb
i,other
know,verb
how,descrip
the,other
lady,noun
in,other
the,other
harbor,noun
feels,verb
when,descrip
i,other
want,verb
rain,noun
i,other
get,verb
sunny,descrip
weather,noun
i’m,other
just,descrip
as,other
blue,descrip
as,other
the,other
sky,noun
since,descrip
love,noun
is,other
gone,verb
can’t,other
pull,verb
myself,other
together,descrip
guess,verb
i’ll,other
hang,verb
my,other
tears,noun
out,other
to,other
dry,verb
friends,noun
ask,verb
me,other
out,other
and,other
i,other
tell,verb
them,other
i’m,other
busy,descrip
must,verb
get,verb
a,other
new,descrip
alibi,noun
i,other
stay,verb
at,other
home,noun
and,other
ask,verb
myself,other
where,descrip
is,verb
she,other
guess,verb
i’ll,other
hang,verb
my,other
tears,noun
out,other
to,other
dry,verb
dry,verb
little,descrip
tear,noun
drops,noun
my,other
little,descrip
tear,noun
drops,noun
hanging,verb
on,other
a,other
stream,noun
of,other
dreams,noun
fly,verb
little,descrip
memories,noun
my,other
little,descrip
memories,noun
remind,verb
her,other
of,other
our,other
crazy,descrip
schemes,noun
yes,other
somebody,other
said,verb
just,descrip
forget,verb
about,other
her,other
so,other
i,other
gave,verb
that,descrip
treatment,noun
a,other
try,noun
and,other
strangely,descrip
enough,descrip
i,other
got,verb
along,other
without,other
her,other
then,descrip
one,other
day,noun
she,other
passed,verb
me,other
right,descrip
by,other
oh,other
well,other
i,other
guess,verb
i’ll,other
hang,verb
my,other
tears,noun
out,other
to,other
dry,verb
when,descrip
you,other
awake,verb
the,other
day,noun
takes,verb
a,other
bow,noun
at,other
your,other
door,noun
when,descrip
you,other
awake,verb
the,other
sun,noun
shines,verb
like,descrip
never,descrip
before,descrip
cloud,noun
soaked,verb
with,other
rain,noun
find,verb
it,other
hard,descrip
to,other
explain,verb
to,other
the,other
earth,noun
below,descrip
they,other
can’t,other
let,verb
it,other
rain,verb
'cause,other
then,descrip
it,other
would,verb
stain,verb
a,other
heavenly,descrip
show,noun
you,other
make,verb
it,other
so,other
when,descrip
you,other
awake,verb
you,other
open,verb
the,other
eyes,noun
of,other
my,other
heart,noun
when,descrip
you,other
awake,verb
my,other
day,noun
really,descrip
gets,verb
its,other
great,descrip
start,noun
all,descrip
the,other
winds,noun
and,other
the,other
birds,noun
join,verb
the,other
simple,descrip
refrain,noun
of,other
a,other
rippling,verb
stream,noun
my,other
world,noun
becomes,verb
a,other
midsummer,noun
night’s,noun
dream,noun
when,descrip
you,other
awake,verb
all,descrip
the,other
winds,noun
and,other
the,other
birds,noun
join,verb
the,other
simple,descrip
refrain,noun
of,other
a,other
rippling,verb
stream,noun
my,other
world,noun
becomes,verb
a,other
midsummer,noun
night’s,noun
dream,noun
when,descrip
you,other
awake,verb
once,descrip
i,other
laughed,verb
when,descrip
i,other
heard,verb
you,other
saying,verb
that,other
i’d,other
be,verb
playing,verb
solitaire,noun
uneasy,descrip
in,other
my,other
easy,descrip
chair,noun
it,other
never,descrip
entered,verb
my,other
mind,noun
and,other
once,descrip
you,other
told,verb
me,other
i,other
was,verb
mistaken,verb
that,other
i’d,other
awaken,verb
with,other
the,other
sun,noun
and,other
ordered,verb
orange,noun
juice,noun
for,other
one,other
it,other
never,descrip
entered,verb
my,other
mind,noun
you,other
had,verb
what,other
i,other
lack,verb
myself,other
now,descrip
i,other
even,descrip
have,verb
to,other
scratch,verb
my,other
back,noun
myself,other
once,descrip
you,other
warned,verb
me,other
that,other
if,other
you,other
scorned,verb
me,other
i’d,other
say,verb
a,other
lonely,descrip
prayer,noun
again,descrip
and,other
wish,verb
that,other
you,other
were,verb
there,descrip
again,descrip
to,other
get,verb
into,other
my,other
hair,noun
again,descrip
it,other
never,descrip
entered,verb
my,other
mind,noun
i’m,other
sorry,descrip
dear,noun
so,descrip
sorry,descrip
dear,noun
i’m,other
sorry,descrip
i,other
made,verb
you,other
cry,verb
won’t,other
you,other
forget,verb
won’t,other
you,other
forgive,verb
don’t,other
let,verb
us,other
say,verb
goodbye,descrip
one,other
little,descrip
word,noun
one,other
little,descrip
smile,noun
one,other
little,descrip
kiss,noun
won’t,other
you,other
try,verb
it,other
breaks,verb
my,other
heart,noun
to,other
hear,verb
you,other
sigh,verb
i’m,other
sorry,descrip
i,other
made,verb
you,other
cry,verb
one,other
little,descrip
word,noun
one,other
little,descrip
smile,noun
one,other
little,descrip
kiss,noun
won’t,other
you,other
try,verb
it,other
breaks,verb
my,other
heart,noun
to,other
hear,verb
you,other
sigh,verb
i’m,other
sorry,descrip
i,other
made,verb
you,other
cry,verb
how,descrip
much,descrip
do,verb
i,other
love,verb
you,other
i’ll,other
tell,verb
you,other
no,other
lie,noun
how,descrip
deep,descrip
is,other
the,other
ocean,noun
how,descrip
high,descrip
is,other
the,other
sky,noun
how,descrip
many,descrip
times,noun
a,other
day,noun
do,verb
i,other
think,verb
of,other
you,other
how,descrip
many,descrip
roses,noun
are,other
sprinkled,verb
with,other
dew,noun
how,descrip
far,descrip
would,verb
i,other
travel,verb
to,other
be,verb
where,descrip
you,other
are,verb
how,descrip
far,descrip
is,verb
the,other
journey,noun
from,other
here,descrip
to,other
a,other
star,noun
and,other
if,other
i,other
ever,descrip
lost,verb
you,other
how,descrip
much,descrip
would,verb
i,other
cry,verb
how,descrip
deep,descrip
is,other
the,other
ocean,noun
how,descrip
high,descrip
is,other
the,other
sky,noun
how,descrip
far,descrip
would,verb
i,other
travel,verb
to,other
be,verb
where,descrip
you,other
are,verb
how,descrip
far,descrip
is,other
the,other
journey,noun
from,other
here,descrip
to,other
a,other
star,noun
and,other
if,other
i,other
ever,descrip
lost,verb
you,other
how,descrip
much,descrip
would,verb
i,other
cry,verb
how,descrip
deep,descrip
is,verb
the,other
ocean,noun
how,descrip
high,descrip
is,verb
the,other
sky,noun
how,descrip
high,descrip
is,verb
the,other
sky,noun
somewhere,descrip
over,other
the,other
rainbow,noun
way,noun
up,other
high,descrip
there’s,other
a,other
land,noun
that,other
i,other
heard,verb
of,other
once,descrip
in,other
a,other
lullaby,noun
somewhere,descrip
over,other
the,other
rainbow,noun
skies,noun
are,verb
blue,descrip
and,other
the,other
dreams,noun
that,other
you,other
dare,verb
to,other
dream,verb
really,descrip
do,verb
come,verb
true,descrip
someday ,descrip
i’ll,other
wish,verb
upon,other
a,other
star,noun
and,other
wake,verb
up,other
where,descrip
the,other
clouds,noun
are,verb
far,descrip
behind,descrip
me,other
where,descrip
trouble,noun
melt,verb
like,descrip
lemon,noun
drops,noun
away,descrip
above,descrip
the,other
chimney,noun
tops,noun
that’s,other
where,descrip
you’ll,other
find,verb
me,other
somewhere,descrip
over,other
the,other
rainbow,noun
blue,descrip
birds,noun
fly,verb
birds,noun
fly,verb
over,other
the,other
rainbow,noun
why,descrip
then,descrip
oh,other
why,descrip
can’t,other
i,other
when,descrip
all,descrip
the,other
world,noun
is,verb
a,other
hopeless,descrip
jumble,noun
and,other
the,other
raindrops,noun
tumble,verb
all,descrip
around,other
heaven,noun
opens,verb
a,other
magic,descrip
lane,noun
to,other
a,other
place,noun
behind,descrip
the,other
sun,noun
just,descrip
a,other
step,noun
behind,descrip
the,other
rain,noun
somewhere,descrip
over,other
the,other
rainbow,noun
blue,descrip
birds,noun
fly,verb
birds,noun
fly,verb
over,other
the,other
rainbow,noun
why,descrip
then,descrip
oh,other
why,descrip
can’t,other
i,other
if,other
happy,descrip
little,descrip
blue,descrip
birds,noun
fly,verb
beyond,other
the,other
rainbow,noun
why,descrip
oh,other
why,descrip
can’t,other
i,other
i’m,other
not,other
much,descrip
to,other
look,verb
at,other
nothing,descrip
to,other
see,verb
just,descrip
glad,descrip
i’m,other
living,verb
and,other
lucky,descrip
to,other
be,verb
i,other
got,verb
a,other
man,noun
crazy,descrip
for,other
me,other
he’s,other
funny,descrip
that,other
way,other
i,other
can’t,other
save,verb
a,other
dollar,noun
ain’t,other
worth,descrip
a,other
cent,noun
he,other
doesn’t,other
holler,verb
he’d,other
live,verb
in,other
a,other
tent,noun
i,other
got,verb
a,other
man,noun
crazy,descrip
for,other
me,other
he’s,other
funny,descrip
that,other
way,other
i,other
can,verb
see,verb
no,other
other,descrip
way,noun
and,other
no,other
better,descrip
plan,noun
end,verb
it,other
all,descrip
and,other
let,verb
him,other
go,verb
to,other
some,descrip
other,descrip
gal,noun
but,other
i’m,other
only,descrip
human,noun
a,other
coward,noun
at,other
best,descrip
i,other
know,verb
for,other
certain,descrip
he’d,other
follow,verb
me,other
west,descrip
i,other
got,verb
a,other
man,noun
crazy,descrip
for,other
me,other
he’s,other
funny,descrip
that,other
way,other
though,other
he,other
loves,verb
to,other
work,verb
and,other
slave,verb
for,other
me,other
every,descrip
day,noun
he’d,other
be,verb
so,descrip
much,descrip
better,descrip
off,other
if,other
i,other
went,verb
away,other
but,other
why,descrip
should,verb
i,other
leave,verb
him,other
why,descrip
should,verb
i,other
go,verb
he’d,other
be,verb
unhappy,descrip
without,other
me,other
i,other
know,verb
i,other
got,verb
a,other
man,noun
crazy,descrip
for,other
me,other
he’s,other
funny,descrip
that,other
way,other
embrace,verb
me,other
my,other
sweet,descrip
embraceable,descrip
you,other
embrace,verb
me,other
you,other
irreplaceable,descrip
you,other
just,descrip
one,other
look,noun
at,other
you,other
my,other
heart,noun
grew,verb
tipsy,descrip
in,other
me,other
you,other
and,other
you,other
alone,descrip
bring,verb
out,other
the,other
gypsy,noun
in,other
me,other
i,other
love,verb
all,descrip
the,other
many,descrip
charms,noun
about,other
you,other
above,other
all,descrip
i,other
want,verb
these,other
arms,noun
about,other
you,other
don’t,other
be,verb
a,other
naughty,descrip
baby,noun
come,verb
to,other
papa,noun
come,verb
to,other
papa,noun
do,verb
my,other
sweet,descrip
embraceable,descrip
you,other
i,other
love,verb
all,descrip
the,other
many,descrip
charms,noun
about,other
you,other
above,other
all,descrip
i,other
want,verb
my,other
arms,noun
about,other
you,other
so,other
don’t,other
you,other
be,verb
a,other
naughty,descrip
baby,noun
come,verb
to,other
papa,noun
do,verb
my,other
sweet,descrip
embraceable,descrip
you,other
you,other
are,verb
the,other
promised,verb
kiss,noun
of,other
springtime,noun
that,other
makes,verb
the,other
lonely,descrip
winter,noun
seem,verb
long,descrip
you,other
are,verb
the,other
breathless,descrip
hush,noun
of,other
evening,noun
that,other
trembles,verb
on,other
the,other
brink,noun
of,other
a,other
lovely,descrip
song,noun
you,other
are,verb
the,other
angel,noun
glow,noun
that,other
lights,verb
the,other
star,noun
the,other
dearest,descrip
things,noun
that,other
i,other
know,verb
are,verb
what,other
you,other
are,verb
someday,descrip
my,other
happy,descrip
arms,noun
will,verb
hold,verb
you,other
and,other
someday,descrip
i’ll,other
know,verb
that,other
moment,noun
divine,descrip
when,descrip
all,descrip
the,other
things,noun
you,other
are,verb
are,verb
mine,other
you,other
are,verb
the,other
angel,noun
glow,noun
that,other
lights,verb
the,other
star,noun
the,other
dearest,descrip
things,noun
that,other
i,other
know,verb
are,verb
what,other
you,other
are,verb
someday,descrip
my,other
happy,descrip
arms,noun
will,verb
hold,verb
you,other
and,other
someday,descrip
i’ll,other
know,verb
that,other
moment,noun
divine,descrip
when,descrip
all,descrip
the,other
things,noun
you,other
are,verb
are,verb
mine,other
that,other
old,descrip
black,descrip
magic,noun
has,verb
me,other
in,other
its,other
spell,noun
that,other
old,descrip
black,descrip
magic,noun
that,other
you,other
weave,verb
so,descrip
well,descrip
those,other
icy,descrip
fingers,noun
up,descrip
and,other
down,descrip
my,other
spine,noun
the,other
same,descrip
old,descrip
witchcraft,noun
when,other
your,other
eyes,noun
meet,verb
mine,other
the,other
same,descrip
old,descrip
tingle,noun
that,other
i,other
feel,verb
inside,descrip
and,other
then,descrip
that,other
elevator,noun
starts,verb
its,other
ride,noun
and,other
down,descrip
and,other
down,descrip
i,other
go,verb
round,other
and,other
round,other
i,other
go,verb
like,descrip
a,other
leaf,noun
that’s,other
caught,verb
in,other
the,other
tide,noun
i,other
should,verb
stay,verb
away,other
but,other
what,descrip
can,verb
i,other
do,verb
i,other
hear,verb
your,other
name,noun
and,other
i’m,other
aflame,descrip
aflame,descrip
with,other
such,descrip
a,other
burning,verb
desire,noun
that,other
only,descrip
your,other
kiss,noun
can,verb
put,verb
out,other
the,other
fire,noun
'cause,other
you,other
are,verb
the,other
lover,noun
i,other
have,verb
waited,verb
for,other
the,other
mate,noun
that,other
fate,noun
had,verb
me,other
created,verb
for,other
and,other
every,descrip
time,noun
your,other
lips,noun
meet,verb
mine,other
darling,noun
down,descrip
and,other
down,descrip
i,other
go,verb
round,other
and,other
round,other
i,other
go,verb
in,other
a,other
spin,noun
loving,verb
the,other
spin,noun
that,other
i’m,other
in,other
under,other
that,other
old,descrip
black,descrip
magic,noun
called,verb
love,noun
whenever,descrip
skies,noun
look,verb
gray,descrip
to,other
me,other
and,other
trouble,noun
begins,verb
to,other
brew,verb
whenever,descrip
the,other
winter,noun
winds,noun
become,verb
too,descrip
strong,descrip
i,other
concentrate,verb
on,other
you,other
when,descrip
fortune,noun
cries,verb
nay,other
nay,other
to,other
me,other
and,other
people,noun
declare,verb
you’re,other
through,other
whenever,descrip
the,other
blues,noun
become,verb
my,other
only,descrip
songs,noun
i,other
concentrate,verb
on,other
you,other
on,other
your,other
smile,noun
so,descrip
sweet,descrip
so,descrip
tender,descrip
when,descrip
at,other
first,descrip
my,other
kiss,noun
you,other
do,verb
decline,verb
on,other
the,other
light,noun
in,other
your,other
eyes,noun
when,descrip
you,other
surrender,verb
and,other
once,descrip
again,descrip
our,other
arms,noun
intertwine,verb
and,other
so,other
when,descrip
wise,descrip
men,noun
say,verb
to,other
me,other
that,other
love’s,noun
young,descrip
dream,noun
never,descrip
comes,verb
true,descrip
to,other
prove,verb
that,other
even,descrip
the,other
wise,descrip
men,noun
can,verb
be,verb
wrong,descrip
i,other
concentrate,verb
on,other
you,other
i,other
concentrate,verb
and,other
concentrate,verb
on,other
you,other
lover,noun
when,descrip
i’m,other
near,other
you,other
and,other
i,other
hear,verb
you,other
speak,verb
my,other
name,noun
softly,descrip
in,other
my,other
ear,noun
you,other
breathe,verb
a,other
flame,noun
lover,noun
when,descrip
we’re,other
dancing,verb
keep,verb
on,other
glancing,verb
in,other
my,other
eyes,noun
till,descrip
loves,verb
own,other
enchanting,descrip
music,noun
dies,verb
all,descrip
of,other
my,other
future,noun
is,other
in,other
you,other
you’re,other
every,descrip
plan,noun
i,other
desire,verb
promise,noun
you’ll,other
always,descrip
continue,verb
to,other
be,verb
mine,other
lover,noun
please,descrip
be,verb
tender,descrip
when,descrip
your,other
tender,descrip
fears,noun
depart,verb
lover,noun
i,other
surrender,verb
to,other
my,other
heart,noun
all,descrip
of,other
my,other
future,noun
is,other
in,other
you,other
you’re,other
every,descrip
plan,noun
i,other
desire,verb
promise,verb
you’ll,other
always,descrip
continue,verb
to,other
be,verb
mine,other
lover,noun
please,descrip
be,verb
tender,descrip
when,descrip
your,other
tender,descrip
fears,noun
depart,verb
lover,noun
i,other
surrender,verb
to,other
my,other
heart,noun
it,other
is,other
only,descrip
a,other
paper,noun
moon,noun
sailing,verb
over,other
a,other
cardboard,noun
sea,noun
but,other
it,other
wouldn’t,other
be,verb
make,verb
believe,verb
if,other
you,other
believed,verb
in,other
me,other
yes,other
it’s,other
only,descrip
a,other
canvas,noun
sky,noun
hanging,verb
over,other
a,other
muslin,descrip
tree,noun
but,other
it,other
wouldn’t,other
be,verb
make,verb
believe,verb
if,other
you,other
believed,verb
in,other
me,other
without,other
your,other
love,noun
it’s,other
a,other
honky,descrip
tonk,noun
parade,noun
without,other
your,other
love,noun
it’s,other
a,other
melody,noun
played,verb
in,other
a,other
penny,noun
arcade,noun
it’s,other
a,other
barnum,other
and,other
bailey,other
world,noun
just,descrip
as,other
phony,descrip
as,other
it,other
can,verb
be,verb
but,other
it,other
wouldn’t,other
be,verb
make,verb
believe,verb
if,other
you,other
believed,verb
in,other
me,other
without,other
your,other
love,noun
it’s,other
a,other
honky,descrip
tonk,noun
parade,noun
without,other
your,other
love,noun
it’s,other
a,other
melody,noun
played,verb
in,other
a,other
penny,noun
arcade,noun
it’s,other
a,other
barnum,other
and,other
bailey,other
world,noun
just,descrip
as,other
phony,descrip
as,other
it,other
can,verb
be,verb
but,other
it,other
wouldn’t,other
be,verb
make,verb
believe,verb
if,other
you,other
believed,verb
in,other
me,other
whippoorwills,other
call,verb
evening,noun
is,other
nigh,descrip
hurry,verb
to,other
my,other
blue,descrip
heaven,noun
turn,verb
to,other
the,other
right,descrip
there’s,other
a,other
little,descrip
white,descrip
light,noun
will,verb
lead,verb
you,other
to,other
my,other
blue,descrip
heaven,noun
you’ll,other
see,verb
a,other
smiling,verb
face,noun
a,other
fireplace,noun
a,other
cozy,descrip
room,noun
little,descrip
nest,noun
that,other
nestles,verb
where,descrip
the,other
roses,noun
bloom,verb
molly,other
and,other
me,other
and,other
the,other
baby,noun
makes,verb
three,other
we’re,other
happy,descrip
in,other
my,other
in,other
my,other
blue,descrip
heaven,noun
you’re,other
gonna,other
see,verb
a,other
smiling,verb
face,noun
fireplace,noun
cozy,descrip
room,noun
and,other
a,other
little,descrip
nest,noun
nestled,verb
where,descrip
the,other
roses,noun
bloom,verb
just,descrip
molly,other
and,other
me,other
and,other
the,other
baby,noun
is,other
three,other
we’re,other
so,descrip
happy,descrip
in,other
my,other
blue,descrip
heaven,noun
we’re,other
happy,descrip
in,other
my,other
blue,descrip
heaven,noun
we’re,other
happy,descrip
in,other
my,other
blue,descrip
heaven,noun
i,other
can,verb
be,verb
happy,descrip
i,other
can,verb
be,verb
sad,descrip
i,other
can,verb
be,verb
good,descrip
or,other
i,other
can,verb
be,verb
bad,descrip
it,other
all,descrip
depends,verb
on,other
you,other
i,other
can,verb
be,verb
lonely,descrip
out,other
in,other
a,other
crowd,noun
i,other
can,verb
be,verb
humble,descrip
or,other
i,other
can,verb
be,verb
proud,descrip
it,other
all,descrip
depends,verb
on,other
you,other
i,other
can,verb
save,verb
money,noun
or,other
spend,verb
it,other
go,verb
right,descrip
on,other
living,verb
or,other
end,verb
it,other
you’re,other
to,other
blame,verb
honey,noun
for,other
what,other
i,other
do,verb
i,other
know,verb
that,other
i,other
can,verb
be,verb
beggar,noun
or,other
i,other
can,verb
be,verb
king,noun
i,other
can,verb
be,verb
almost,descrip
any,descrip
old,descrip
thing,noun
it,other
all,descrip
depends,verb
on,other
you,other
i,other
can,verb
be,verb
happy,descrip
i,other
can,verb
be,verb
sad,descrip
i,other
can,verb
be,verb
good,descrip
or,other
i,other
can,verb
be,verb
bad,descrip
depends,verb
on,other
you,other
i,other
can,verb
be,verb
very,descrip
lonely,descrip
when,descrip
i’m,other
out,other
with,other
a,other
crowd,noun
i,other
can,verb
be,verb
humble,descrip
or,other
i,other
can,verb
be,verb
proud,descrip
depends,verb
on,other
you,other
i,other
can,verb
save,verb
a,other
great,descrip
deal,noun
of,other
money,noun
or,other
i,other
can,verb
spend,verb
it,other
go,verb
right,descrip
on,other
living,verb
or,other
end,verb
it,other
you’re,other
to,other
blame,verb
baby,noun
for,other
what,other
i,other
do,verb
i,other
can,verb
be,verb
beggar,noun
i,other
can,verb
be,verb
king,noun
i,other
can,verb
be,verb
almost,descrip
any,descrip
old,descrip
thing,noun
it,other
all,descrip
depends,verb
on,other
you,other
you,other
do,verb
something,other
to,other
me,other
something,other
that,other
simply,descrip
mystifies,verb
me,other
tell,verb
me,other
why,descrip
should,verb
it,other
be,verb
you,other
have,verb
the,other
power,noun
to,other
hypnotize,verb
me,other
let,verb
me,other
live,verb
'neath,other
your,other
spell,noun
do,verb
do,verb
that,other
voodoo,noun
that,other
you,other
do,verb
so,descrip
well,descrip
'cause,other
you,other
do,verb
something,other
to,other
me,other
that,other
nobody,other
else,other
could,verb
do,verb
you,other
do,verb
something,other
to,other
me,other
something,other
that,other
simply,descrip
mystifies,verb
me,other
tell,verb
me,other
why,descrip
should,verb
it,other
be,verb
you,other
got,verb
the,other
power,noun
to,other
hypnotize,verb
me,other
let,verb
me,other
live,verb
'neath,other
your,other
spell,noun
do,verb
do,verb
that,other
voodoo,noun
that,other
you,other
do,verb
so,descrip
well,descrip
'cause,other
you,other
do,verb
something,other
to,other
me,other
that,other
nobody,other
else,other
can,verb
do,verb
that,other
no,other
one,other
else,other
in,other
the,other
world,noun
can,verb
do,verb
should,verb
i,other
reveal,verb
exactly,descrip
how,descrip
i,other
feel,verb
should,verb
i,other
confess,verb
i,other
love,verb
you,other
should,verb
i,other
recite,verb
beneath,descrip
the,other
pale,descrip
moonlight,noun
and,other
swear,verb
by,other
the,other
stars,noun
above,descrip
you,other
could,verb
i,other
repeat,verb
the,other
sweetest,descrip
story,noun
told,verb
could,verb
i,other
entreat,verb
would,verb
it,other
be,verb
too,descrip
bold,descrip
should,verb
i,other
reveal,verb
exactly,descrip
how,descrip
i,other
feel,verb
should,verb
i,other
confess,verb
i,other
love,verb
you,other
could,verb
i,other
repeat,verb
that,other
sweetest,descrip
story,noun
told,verb
could,verb
i,other
entreat,verb
would,verb
it,other
be,verb
too,descrip
bold,descrip
should,verb
i,other
reveal,verb
exactly,descrip
how,descrip
i,other
feel,verb
should,verb
i,other
confess,verb
i,other
love,verb
you,other
and,other
swear,verb
by,other
stars,noun
above,descrip
you,other
should,verb
i,other
confess,verb
i,other
love,verb
you,other
it’s,other
something,other
daring,descrip
the,other
continental,other
a,other
way,noun
of,other
dancing,verb
that’s,other
really,descrip
ultra,descrip
new,descrip
it’s,other
very,descrip
subtle,descrip
the,other
continental,other
because,other
it,other
does,verb
what,other
you,other
want,verb
it,other
to,other
do,verb
it,other
has,verb
a,other
passion,noun
the,other
continental,other
an,other
invitation,noun
to,other
moonlight,noun
and,other
romance,noun
it’s,other
quite,descrip
the,other
fashion,noun
the,other
continental,other
because,other
you,other
tell,verb
of,other
your,other
love,noun
while,descrip
you,other
dance,verb
you,other
kiss,verb
while,descrip
you’re,other
dancing,verb
it’s,other
continental,other
oh,other
it’s,other
continental,other
you,other
sing,verb
while,descrip
you’re,other
dancing,verb
your,other
voice,noun
is,other
gentle,descrip
and,other
so,descrip
sentimental,descrip
you’ll,other
know,verb
before,other
the,other
dance,noun
is,other
through,descrip
that,other
you’re,other
in,other
love,noun
with,other
her,other
and,other
she’s,other
in,other
love,noun
with,other
you,other
you’ll,other
find,verb
while,descrip
you’re,other
dancing,verb
that,other
there’s,other
a,other
rhythm,noun
in,other
your,other
heart,noun
and,other
soul,noun
a,other
certain,descrip
rhythm,noun
that,other
you,other
can’t,other
control,verb
and,other
you,other
will,verb
do,verb
the,other
continental,other
all,descrip
the,other
time,noun
you’ll,other
find,verb
while,descrip
you’re,other
dancing,verb
that,other
there’s,other
a,other
rhythm,noun
in,other
your,other
heart,noun
and,other
soul,noun
a,other
certain,descrip
rhythm,noun
that,other
you,other
can’t,other
control,verb
and,other
you,other
will,verb
do,verb
the,other
continental,other
all,descrip
the,other
time,noun
when,descrip
you’re,other
smiling,verb
when,descrip
you’re,other
smiling,verb
the,other
whole,descrip
world,noun
smiles,verb
with,other
you,other
when,descrip
you’re,other
laughing,verb
when,descrip
you’re,other
laughing,verb
the,other
sun,noun
comes,verb
shining,verb
through,other
but,other
when,descrip
you’re,other
crying,verb
you,other
bring,verb
on,other
the,other
rain,noun
so,other
stop,verb
your,other
sighing,verb
be,other
happy,descrip
again,descrip
keep,verb
on,other
smiling,verb
'cause,other
when,descrip
you’re,other
smiling,verb
the,other
whole,descrip
world,noun
smiles,verb
with,other
you,other
when,descrip
you’re,other
smiling,verb
when,descrip
you’re,other
smiling,descrip
the,other
whole,descrip
world,noun
smiles,verb
with,other
you,other
when,descrip
you’re,other
laughing,verb
when,descrip
you’re,other
laughing,verb
that,other
sun,noun
comes,verb
shining,verb
through,other
but,other
when,descrip
you’re,other
crying,verb
you,other
bring,verb
on,other
the,other
rain,noun
so,other
stop,verb
your,other
sighing,verb
be,verb
happy,descrip
again,descrip
keep,verb
on,other
smiling,verb
'cause,other
when,descrip
you’re,other
smiling,verb
the,other
whole,descrip
world,noun
smiles,verb
with,other
you,other
my,other
funny,descrip
valentine,noun
sweet,descrip
comic,descrip
valentine,noun
you,other
make,verb
me,other
smile,verb
with,other
my,other
heart,noun
your,other
looks,noun
are,verb
laughable,descrip
unphotographable,descrip
yet,other
you’re,other
my,other
favourite,descrip
work,noun
of,other
art,noun
is,other
your,other
figure,noun
less,descrip
than,other
greek,descrip
is,verb
your,other
mouth,noun
a,other
little,descrip
weak,descrip
when,descrip
you,other
open,descrip
it,other
to,other
speak,verb
are,verb
you,other
smart,descrip
but,other
don’t,other
change,verb
a,other
hair,noun
for,other
me,other
not,other
if,other
you,other
care,verb
for,other
me,other
stay,verb
little,descrip
valentine,noun
stay,verb
each,descrip
day,noun
is,other
valentine’s,other
day,noun
is,other
your,other
figure,noun
less,descrip
than,other
greek,descrip
is,verb
your,other
mouth,noun
a,other
little,descrip
weak,descrip
when,descrip
you,other
open,verb
it,other
to,other
speak,verb
are,verb
you,other
smart,descrip
but,other
don’t,other
change,verb
a,other
hair,noun
for,other
me,other
not,other
if,other
you,other
care,verb
for,other
me,other
stay,verb
little,descrip
valentine,noun
stay,verb
each,descrip
day,noun
is,verb
valentine’s,other
day,noun
the,other
moment,noun
i,other
saw,verb
her,other
face,noun
i,other
knew,verb
she,other
was,verb
just,descrip
my,other
style,noun
my,other
only,descrip
regret,noun
is,other
we’ve,other
never,descrip
met,verb
for,other
i,other
dream,verb
of,other
her,other
all,descrip
the,other
while,other
but,other
she,other
doesn’t,other
know,verb
i,other
exist,verb
no,other
matter,noun
how,descrip
i,other
persist,verb
so,other
it’s,other
clear,descrip
to,other
see,verb
there’s,other
no,other
hope,noun
for,other
me,other
though,other
i,other
live,verb
at,other
fifty-one,other
thirty-five,other
kensington,other
avenue,noun
and,other
she,other
lives,verb
at,other
fifty-one,other
thirty-three,other
how,descrip
can,verb
i,other
ignore,verb
the,other
girl,noun
next,descrip
door,noun
i,other
love,verb
her,other
more,descrip
than,other
i,other
can,verb
say,verb
doesn’t,other
try,verb
to,other
please,verb
me,other
doesn’t,other
even,descrip
tease,verb
me,other
and,other
she,other
never,descrip
sees,verb
me,other
glance,noun
her,other
way,other
and,other
i,other
thought,verb
i’m,other
heartsore,descrip
the,other
girl,noun
next,descrip
door,noun
affection,noun
for,other
me,other
won’t,other
display,verb
i,other
just,descrip
adore,verb
her,other
so,other
i,other
can’t,other
ignore,verb
her,other
the,other
girl,noun
next,descrip
door,noun
a,other
foggy,descrip
day,noun
in,other
london,other
town,noun
it,other
had,verb
me,other
low,descrip
it,other
had,verb
me,other
down,descrip
i,other
viewed,verb
the,other
morning,noun
with,other
alarm,noun
the,other
british,descrip
museum,noun
had,verb
lost,verb
its,other
charm,noun
how,descrip
long,descrip
i,other
wondered,verb
could,verb
this,other
thing,noun
last,descrip
but,other
the,other
age,noun
of,other
miracles,noun
it,other
hadn’t,other
past,verb
and,other
suddenly,descrip
i,other
saw,verb
you,other
there,descrip
and,other
in,other
foggy,descrip
london,other
town,noun
the,other
sun,noun
was,verb
shining,verb
everywhere,descrip
a,other
foggy,descrip
day,noun
in,other
london,other
town,noun
it,other
had,verb
me,other
low,descrip
and,other
it,other
also,other
had,verb
me,other
down,descrip
i,other
looked,verb
at,other
the,other
morning,noun
with,other
much,descrip
alarm,noun
the,other
british,descrip
museum,noun
had,verb
lost,verb
its,other
charm,noun
how,descrip
long,descrip
i,other
wondered,verb
could,verb
this,other
thing,noun
last,verb
but,other
the,other
age,noun
of,other
miracles,noun
it,other
hadn’t,other
past,verb
and,other
suddenly,descrip
i,other
saw,verb
you,other
there,descrip
and,other
in,other
foggy,descrip
london,other
town,noun
the,other
sun,noun
was,verb
shining,verb
everywhere,descrip
lately,descrip
i,other
find,verb
myself,other
gazing,verb
at,other
stars,noun
hearing,verb
guitars,noun
like,descrip
someone,other
in,other
love,noun
sometimes,descrip
the,other
things,noun
i,other
do,verb
astound,verb
me,other
mostly,descrip
whenever,descrip
you’re,other
around,other
me,other
lately,descrip
i,other
seem,verb
to,other
walk,verb
as,other
though,other
i,other
had,verb
wings,noun
bump,verb
into,other
things,noun
like,descrip
someone,other
in,other
love,noun
each,descrip
time,noun
i,other
look,verb
at,other
you,other
i’m,other
limp,descrip
as,other
a,other
glove,noun
and,other
feeling,verb
like,descrip
someone,other
in,other
love,noun
lately,descrip
i,other
seem,verb
to,other
walk,verb
as,other
though,other
i,other
had,verb
wings,noun
bump,verb
into,other
things,noun
like,descrip
someone,other
in,other
love,noun
each,descrip
time,noun
i,other
look,verb
at,other
you,other
i’m,other
limp,descrip
as,other
a,other
glove,noun
and,other
feeling,verb
like,descrip
someone,other
in,other
love,noun
my,other
story,noun
is,other
much,descrip
too,descrip
sad,descrip
to,other
be,verb
told,verb
but,other
practically,descrip
everything,other
leaves,verb
me,other
totally,descrip
cold,descrip
the,other
only,descrip
exception,noun
i,other
know,verb
is,other
the,other
case,noun
when,descrip
i’m,other
out,other
on,other
a,other
quiet,descrip
spree,noun
fighting,verb
vainly,descrip
the,other
old,descrip
ennui,noun
and,other
i,other
suddenly,descrip
turn,verb
and,other
see,verb
your,other
fabulous,descrip
face,noun
i,other
get,verb
no,other
kick,noun
from,other
champagne,noun
mere,descrip
alcohol,noun
doesn’t,other
thrill,verb
me,other
at,other
all,descrip
so,other
tell,verb
me,other
why,descrip
should,verb
it,other
be,verb
true,descrip
that,other
i,other
get,verb
a,other
kick,noun
out,other
of,other
you,other
some,other
they,other
like,verb
perfume,noun
from,other
spain,other
i’m,other
sure,descrip
that,other
if,other
i,other
took,verb
even,descrip
one,other
sniff,noun
it,other
would,verb
bore,verb
me,other
terrifically,descrip
too,descrip
yet,descrip
i,other
get,verb
a,other
kick,noun
out,other
of,other
you,other
i,other
get,verb
a,other
kick,noun
every,descrip
time,noun
i,other
see,verb
you,other
standing,verb
there,descrip
before,other
me,other
i,other
get,verb
a,other
kick,noun
though,other
it’s,other
clear,descrip
to,other
see,verb
you,other
obviously,descrip
do,verb
not,other
adore,verb
me,other
i,other
get,verb
no,other
kick,noun
in,other
a,other
plane,noun
flying,verb
too,descrip
high,descrip
with,other
some,descrip
gal,noun
in,other
the,other
sky,noun
is,other
my,other
idea,noun
of,other
nothing,descrip
to,other
do,verb
yet,descrip
i,other
get,verb
a,other
kick,noun
you,other
give,verb
me,other
a,other
boot,noun
i,other
get,verb
a,other
kick,noun
out,other
of,other
you,other
when,descrip
you,other
were,verb
very,descrip
young,descrip
the,other
world,noun
was,verb
younger,descrip
than,other
you,other
as,other
merry,descrip
as,other
a,other
carousel,noun
the,other
circus,noun
tent,noun
was,verb
strung,verb
with,other
every,descrip
star,noun
in,other
the,other
sky,noun
above,other
the,other
ring,noun
you,other
loved,verb
so,descrip
well,descrip
now,descrip
the,other
young,descrip
world,noun
has,verb
grown,verb
old,descrip
gone,verb
are,verb
the,other
silver,descrip
and,other
gold,descrip
sit,verb
there,descrip
and,other
count,verb
your,other
fingers,noun
what,other
can,verb
you,other
do,verb
old,descrip
girl,noun
you’re,other
through,descrip
just,descrip
sit,verb
there,descrip
and,other
count,verb
your,other
little,descrip
fingers,noun
unhappy,descrip
little,descrip
girl,noun
blue,descrip
sit,verb
there,descrip
and,other
count,verb
the,other
raindrops,noun
falling,verb
on,other
you,other
it’s,other
time,noun
you,other
knew,verb
all,descrip
you,other
can,verb
count,verb
on,other
are,verb
the,other
raindrops,noun
that,other
fall,verb
on,other
little,descrip
girl,noun
blue,descrip
no,other
use,noun
old,descrip
girl,noun
you,other
might,verb
as,other
well,other
surrender,verb
your,other
hopes,noun
are,verb
getting,verb
slender,descrip
why,descrip
won’t,other
somebody,other
send,verb
a,other
tender,descrip
blue,descrip
boy,noun
to,other
cheer,verb
up,other
little,descrip
girl,noun
blue,descrip
there,other
are,other
many,descrip
many,descrip
crazy,descrip
things,noun
that,other
will,verb
keep,verb
me,other
loving,verb
you,other
and,other
with,other
your,other
permission,noun
may,verb
i,other
list,verb
a,other
few,descrip
the,other
way,other
you,other
wear,verb
your,other
hat,noun
the,other
way,other
you,other
sip,verb
your,other
tea,noun
the,other
memory,noun
of,other
all,descrip
that,other
no,other
no,other
they,other
can’t,other
take,verb
that,other
away,other
from,other
me,other
the,other
way,other
your,other
smile,noun
just,descrip
beams,verb
the,other
way,other
you,other
sing,verb
off-key,descrip
the,other
way,other
you,other
haunt,verb
my,other
dreams,noun
no,other
no,other
they,other
can’t,other
take,verb
that,other
away,other
from,other
me,other
we,other
may,verb
never,descrip
never,descrip
meet,verb
again,descrip
on,other
that,other
bumpy,descrip
road,noun
to,other
love,verb
still,descrip
i’ll,other
always,descrip
always,descrip
keep,verb
the,other
memory,noun
of,other
the,other
way,other
you,other
hold,verb
your,other
knife,noun
the,other
way,other
we,other
danced,verb
until,descrip
three,other
the,other
way,other
you’ve,other
changed,verb
my,other
life,noun
no,other
no,other
they,other
can’t,other
take,verb
that,other
away,other
from,other
me,other
no,other
they,other
can’t,other
take,verb
that,other
away,other
from,other
me,other
it,other
was,verb
winter,noun
in,other
manhattan,other
falling,verb
snowflakes ,noun
filled,verb
the,other
air,noun
the,other
streets,noun
were,verb
covered,verb
with,other
a,other
film,noun
of,other
ice,noun
but,other
a,other
little,descrip
simple,descrip
magic,noun
that,other
i’d,other
heard,verb
about,other
somewhere,descrip
changed,verb
the,other
weather,noun
all,descrip
around,other
just,descrip
within,other
a,other
thrice,other
i,other
bought,verb
you,other
violets,noun
for,other
your,other
furs,noun
and,other
it,other
was,verb
spring,noun
for,other
a,other
while,other
remember,verb
i,other
bought,verb
you,other
violets,noun
for,other
your,other
furs,noun
and,other
there,other
was,verb
april,noun
in,other
that,other
december,noun
the,other
snow,noun
drifted,verb
down,other
and,other
the,other
flowers,noun
and,other
it,other
melted,verb
where,descrip
it,other
lay,verb
the,other
snow,noun
looked,verb
like,descrip
dew,noun
and,other
the,other
blossoms,noun
as,other
on,other
a,other
summer,noun
day,noun
i,other
bought,verb
you,other
violets,noun
for,other
your,other
furs,noun
and,other
there,other
was,verb
blue,descrip
in,other
the,other
wintry,descrip
sky,noun
you,other
pinned,verb
my,other
violets,noun
to,other
your,other
furs,noun
and,other
gave,verb
a,other
lift,noun
to,other
the,other
crowds,noun
passing,verb
by,other
you,other
smiled,verb
at,other
me,other
so,descrip
sweetly,descrip
since,other
then,other
one,other
thought,noun
occurs,verb
that,other
we,other
fell,verb
in,other
love,noun
completely,descrip
the,other
day,noun
i,other
bought,verb
you,other
violets,noun
for,other
your,other
furs,noun
it,other
was,verb
just,descrip
one,other
of,other
those,other
things,noun
just,descrip
one,other
of,other
those,other
crazy,descrip
flings,noun
one,other
of,other
those,other
bells,noun
that,other
now,descrip
and,other
then,descrip
rings,verb
just,descrip
one,other
of,other
those,other
things,noun
it,other
was,verb
just,descrip
one,other
of,other
those,other
nights,noun
just,descrip
one,other
of,other
those,other
fabulous,descrip
flights,noun
a,other
trip,noun
to,other
the,other
moon,noun
on,other
gossamer,descrip
wings,noun
just,descrip
one,other
of,other
those,other
things,noun
if,other
we’d,other
thought,verb
a,other
bit,other
of,other
the,other
end,noun
of,other
it,other
when,descrip
we,other
started,verb
painting,verb
the,other
town,noun
we’d,other
have,verb
been,verb
aware,descrip
that,other
our,other
love,noun
affair,noun
was,verb
too,descrip
hot,descrip
not,other
to,other
cool down,verb
so,other
goodbye,descrip
dear,noun
and,other
amen,other
here’s,other
hoping,noun
we,other
meet,verb
now,descrip
and,other
then,descrip
it,other
was,verb
great,descrip
fun,noun
but,other
it,other
was,verb
just,descrip
one,other
of,other
those,other
things,noun
i’m,other
gonna,other
sit,verb
right,descrip
down,other
and,other
write,verb
myself,other
a,other
letter,noun
and,other
make,verb
believe,verb
it,other
came,verb
from,other
you,other
i’m,other
gonna,other
write,verb
words,noun
so,descrip
sweet,descrip
they’re,other
gonna,other
knock,noun
me,other
off,other
my,other
feet,noun
kisses,noun
on,other
the,other
bottom,noun
i’ll,other
be,verb
glad,descrip
i,other
got,verb
them,other
i’m,other
gonna,other
smile,verb
and,other
say,verb
i,other
hope,verb
you’re,other
feeling,verb
better,descrip
close,verb
with,other
love,noun
the,other
way,other
you,other
do,verb
i’m,other
gonna,other
sit,verb
down,other
knock,verb
out,other
a,other
letter,noun
make,verb
believe,verb
it,other
came,verb
from,other
you,other
sit,verb
right,descrip
down,other
and,other
write,verb
myself,other
a,other
letter,noun
make,verb
believe,verb
it,other
came,verb
from,other
you,other
write,verb
words,noun
sweet,descrip
knock,verb
me,other
off,other
my,other
feet,noun
kisses,noun
on,other
the,other
bottom,noun
i’ll,other
be,verb
glad,descrip
i,other
got,verb
them,other
say,verb
i,other
hope,verb
you’re,other
feeling,verb
better,descrip
close,verb
with,other
love,noun
the,other
way,other
you,other
do,verb
i’m,other
gonna,other
sit,verb
down,other
write,verb
myself,other
a,other
letter,noun
and,other
make,verb
believe,verb
it,other
came,verb
from,other
you,other
i’m,other
gonna,other
sit,verb
right,descrip
down,other
and,other
write,verb
myself,other
a,other
letter,noun
and,other
make,verb
believe,verb
it,other
came,verb
from,other
you,other
i’m,other
blue,descrip
every,descrip
monday,noun
thinking,verb
over,other
sunday,noun
that,other
one,other
day,noun
when,descrip
i’m,other
with,other
you,other
it,other
seems,verb
that,other
i,other
sigh,verb
all,descrip
day,noun
tuesday,noun
i,other
cry,verb
all,descrip
day,noun
wednesday,noun
oh,other
my,other
how,descrip
i,other
long,verb
for,other
you,other
and,other
then,descrip
comes,verb
thursday,noun
gee,other
it’s,other
long,descrip
it,other
never,descrip
gets,verb
by,other
and,other
friday,noun
makes,verb
me,other
feel,verb
just,descrip
like,descrip
i’m,other
gonna,other
die,verb
but,other
after,other
pay,noun
day,noun
is,verb
my,other
fun,noun
day,noun
i,other
shine,verb
all,descrip
day,noun
sunday,noun
that,other
one,other
day,noun
when,descrip
i’m,other
with,other
you,other
and,other
then,descrip
comes,verb
thursday,noun
gee,other
it’s,other
long,descrip
it,other
never,descrip
goes,verb
by,other
and,other
friday,noun
makes,verb
me,other
feel,verb
like,descrip
i’m,other
gonna,other
die,verb
but,other
after,other
pay,noun
day,noun
is,other
my,other
fun,noun
day,noun
i,other
shine,verb
all,descrip
day,noun
sunday,noun
that,other
one,other
day,noun
when,descrip
i’m,other
with,other
you,other
that,other
one,other
day,noun
it’s,other
a,other
fun,noun
day,noun
sunday,noun
is,verb
my,other
day,noun
with,other
you,other
when,descrip
skies,noun
are,verb
cloudy,descrip
and,other
gray,descrip
they’re,other
only,descrip
gray,descrip
for,other
a,other
day,noun
so,other
wrap,verb
your,other
troubles,noun
in,other
dreams,noun
and,other
dream,noun
your,other
troubles,noun
away,other
until,descrip
that,other
sunshine,noun
peeps,verb
through,other
there’s,other
only,descrip
one,other
thing,noun
to,other
do,verb
just,descrip
wrap,verb
your,other
troubles,noun
in,other
dreams,noun
and,other
dream,verb
all,descrip
your,other
troubles,noun
away,other
your,other
castles,noun
may,verb
tumble,verb
that’s,other
fate,noun
after,other
all,descrip
life’s,noun
really,descrip
funny,descrip
that,other
way,other
no,other
use,noun
to,other
grumble,verb
smile,verb
as,other
they,other
fall,verb
weren’t,other
you,other
king,noun
for,other
a,other
day,noun
just,descrip
remember,verb
that,other
sunshine,noun
always,descrip
follows,verb
the,other
rain,noun
so,other
wrap,verb
your,other
troubles,noun
in,other
dreams,noun
and,other
dream,verb
your,other
troubles,noun
away,other
your,other
castles,noun
may,verb
tumble,verb
that’s,other
fate,noun
after,other
all,descrip
life’s,noun
really,descrip
funny,descrip
that,other
way,other
but,other
no,other
need,noun
to,other
grumble,verb
smile,verb
as,other
they,other
fall,verb
weren’t,other
you,other
king,noun
for,other
a,other
day,noun
just,descrip
remember,verb
that,other
sunshine,noun
always,descrip
follows,verb
the,other
rain,noun
so,other
wrap,verb
your,other
troubles,noun
in,other
dreams,noun
and,other
dream,verb
dream,verb
your,other
troubles,noun
away,other
here,descrip
i,other
go,verb
again,descrip
i,other
hear,verb
those,other
trumpets,noun
blow,verb
again,descrip
all,descrip
aglow,descrip
again,descrip
taking,verb
a,other
chance,noun
on,other
love,noun
here,descrip
i,other
slide,verb
again,descrip
about,other
to,other
take,verb
that,other
ride,noun
again,descrip
starry-eyed ,descrip
again,descrip
taking,verb
a,other
chance,noun
on,other
love,noun
i,other
thought,verb
that,other
cards,noun
were,verb
a,other
frame-up,noun
i,other
never,descrip
would,verb
try,verb
now,descrip
i’m,other
taking,verb
that,other
game,noun
up,other
and,other
the,other
ace,noun
of,other
hearts,noun
is,other
high,descrip
things,noun
are,verb
mending,verb
now,descrip
i,other
see,verb
a,other
rainbow,noun
blending,verb
now,descrip
we’ll,other
have,verb
a,other
happy,descrip
ending,noun
now,descrip
taking,verb
a,other
chance,noun
on,other
love,noun
here,descrip
i,other
slip,verb
again,descrip
about,other
to,other
take,verb
that,other
trip,noun
again,descrip
i,other
got,verb
that,other
grip,noun
again,descrip
taking,verb
a,other
chance,noun
on,other
love,noun
now,descrip
i,other
prove,verb
again,descrip
that,other
i,other
can,verb
make,verb
life,noun
move,verb
again,descrip
i’m,other
in,other
a,other
grove,noun
again,descrip
taking,verb
a,other
chance,noun
on,other
love,noun
i,other
walk,verb
around,other
with,other
a,other
horseshoe,noun
in,other
clover,noun
i,other
lie,verb
and,other
brother,noun
rabbit,noun
of,other
course,other
you,other
better,descrip
kiss,verb
your,other
foot,noun
goodbye,descrip
on,other
that,other
ball,noun
again,descrip
i’m,other
riding,verb
for,other
a,other
fall,noun
again,descrip
i’m,other
gonna,other
give,verb
my,other
all,descrip
again,descrip
taking,verb
a,other
chance,noun
on,other
love,noun
jeepers,noun
creepers,noun
where’d,other
you,other
get,verb
those,other
peepers,noun
jeepers,noun
creepers,noun
where’d,other
you,other
get,verb
those,other
eyes,noun
gosh,other
all,descrip
git-up ,noun
how’d,other
they,other
get,verb
so,descrip
lit,verb
up,other
gosh,other
all,descrip
git-up ,noun
how’d,other
they,other
get,verb
that,other
size,noun
golly,other
gee,other
when,descrip
you,other
turn,verb
those,other
heaters,noun
on,other
woe,noun
is,verb
me,other
got,verb
to,other
put,verb
my,other
cheaters,noun
on,other
jeepers,noun
creepers,noun
where’d,other
you,other
get,verb
those,other
steepers,noun
oh,other
those,other
weepers,noun
how,descrip
they,other
hypnotize,verb
where’d,other
you,other
get,verb
those,other
eyes,noun
golly,other
gee,other
when,descrip
you,other
turn,verb
those,other
heaters,noun
on,other
woe,noun
is,verb
me,other
i,other
got,verb
to,other
put,verb
the,other
cheaters,noun
on,other
jeepers,noun
creepers,noun
where’d,other
you,other
get,verb
those,other
peepers,noun
oh,other
those,other
weepers,noun
how,descrip
they,other
hypnotize,verb
where,descrip
did,verb
you,other
get,verb
those,other
eyes,noun
how,descrip
did,verb
they,other
get,verb
that,other
size,noun
where,descrip
did,verb
you,other
get,verb
those,other
eyes,noun
forget,verb
your,other
troubles,noun
and,other
just,descrip
get,verb
happy,descrip
you,other
better,descrip
chase,verb
all,descrip
your,other
cares,noun
away,other
sing,verb
hallelujah,other
come,verb
on,other
get,verb
happy,descrip
get,verb
ready,descrip
for,other
the,other
judgment,noun
day,noun
the,other
sun,noun
is,verb
shining,verb
come,verb
on,other
get,verb
happy,descrip
the,other
lord,noun
is,verb
waiting,verb
to,other
take,verb
your,other
hand,noun
shout,verb
hallelujah,other
come,verb
on,other
get,verb
happy,descrip
we’re,other
going,verb
to,other
the,other
promised,verb
land,noun
we’re,other
heading,verb
across,other
the,other
river,noun
wash,verb
your,other
sins,noun
away,other
in,other
the,other
tide,noun
it’s,other
all,descrip
so,other
peaceful,descrip
on,other
the,other
other,descrip
side,noun
forget,verb
your,other
troubles,noun
and,other
just,descrip
get,verb
happy,descrip
you,other
better,descrip
chase,verb
all,descrip
your,other
cares,noun
away,other
shout,verb
hallelujah,other
come,verb
on,other
get,verb
happy,descrip
get,verb
ready,descrip
for,other
the,other
judgment,noun
day,noun
forget,verb
your,other
troubles,noun
and,other
just,descrip
get,verb
happy,descrip
you,other
better,descrip
chase,verb
all,descrip
your,other
cares,noun
away,other
sing,verb
hallelujah,other
come,verb
on,other
get,verb
happy,descrip
get,verb
ready,descrip
for,other
the,other
judgment,noun
day,noun
that,other
sun,noun
is,verb
shining,verb
come,verb
on,other
get,verb
happy,descrip
the,other
lord,noun
is,verb
waiting,verb
to,other
take,verb
you,other
by,other
the,other
hand,noun
shout,verb
hallelujah,other
come,verb
on,other
get,verb
happy,descrip
we’re,other
going,verb
to,other
the,other
promised,verb
land,noun
we’re,other
heading,verb
across,other
the,other
river,noun
wash,verb
your,other
sins,noun
away,other
in,other
the,other
tide,noun
and,other
it’s,other
all,descrip
so,descrip
nice,descrip
and,other
peaceful,descrip
when,descrip
you,other
get,verb
on,other
the,other
other,descrip
side,noun
forget,verb
your,other
troubles,noun
and,other
just,descrip
get,verb
happy,descrip
you,other
better,descrip
chase,verb
all,descrip
your,other
cares,noun
away,other
shout,verb
hallelujah,other
come,verb
on,other
get,verb
happy,descrip
get,verb
ready,descrip
for,other
the,other
judgment,noun
day,noun
forget,verb
your,other
troubles,noun
come,verb
on,other
get,verb
happy,descrip
forget,verb
your,other
troubles,noun
come,verb
on,other
be,verb
happy,descrip
forget,verb
your,other
troubles,noun
come,verb
on,other
stay,verb
happy,descrip
happy,descrip
stay,verb
happy,descrip
all,descrip
of,other
me,other
why,descrip
not,other
take,verb
all,descrip
of,other
me,other
can’t,other
you,other
see,verb
i’m,other
no,other
good,descrip
without,other
you,other
take,verb
my,other
lips,noun
i,other
want,verb
to,other
lose,verb
them,other
take,verb
my,other
arms,noun
i’ll,other
never,descrip
use,verb
them,other
your,other
goodbye,descrip
left,verb
me,other
with,other
eyes,noun
that,other
cry,verb
how,descrip
can,verb
i,other
get,verb
along,other
without,other
you,other
you,other
took,verb
the,other
part,noun
that,other
once,descrip
was,verb
my,other
heart,noun
so,other
why,descrip
not,other
why,descrip
not,other
take,verb
all,descrip
of,other
me,other
all,descrip
of,other
me,other
come,verb
on,other
get,verb
all,descrip
of,other
me,other
can’t,other
you,other
see,verb
i’m,other
just,descrip
a,other
mess,noun
without,other
you,other
take,verb
my,other
lips,noun
i,other
want,verb
to,other
lose,verb
them,other
get,verb
a,other
piece,noun
of,other
these,other
arms,noun
i’ll,other
never,descrip
use,verb
them,other
your,other
goodbye,descrip
left,verb
me,other
with,other
eyes,noun
that,other
cry,verb
how,descrip
can,verb
i,other
ever,descrip
make,verb
it,other
without,other
you,other
you,other
know,verb
you,other
got,verb
the,other
part,noun
used,verb
to,other
be,verb
my,other
heart,noun
so,other
why,descrip
not,other
why,descrip
not,other
take,verb
all,descrip
of,other
me,other
you,other
make,verb
me,other
feel,verb
so,descrip
young,descrip
you,other
make,verb
me,other
feel,verb
so,other
spring,noun
has,verb
sprung,verb
and,other
every,descrip
time,noun
i,other
see,verb
you,other
grin,verb
i’m,other
such,descrip
a,other
happy,descrip
individual,noun
the,other
moment,noun
that,other
you,other
speak,verb
i,other
wanna,other
go,verb
play,verb
hide-and-seek,noun
i,other
wanna,other
go,verb
and,other
bounce,verb
the,other
moon,noun
just,descrip
like,descrip
a,other
toy,noun
balloon,noun
you,other
and,other
i,other
are,verb
just,descrip
like,descrip
a,other
couple,noun
of,other
tots,noun
running,verb
across,other
the,other
meadow,noun
picking,verb
up,other
lots,other
of,other
forget-me-nots,noun
you,other
make,verb
me,other
feel,verb
so,descrip
young,descrip
you,other
make,verb
me,other
feel,verb
there,other
are,verb
songs,noun
to,other
be,verb
sung,verb
bells,noun
to,other
be,verb
rung,verb
and,other
a,other
wonderful,descrip
fling,noun
to,other
be,verb
flung,verb
and,other
even,descrip
when,descrip
i’m,other
old,descrip
and,other
gray,descrip
i’m,other
gonna,other
feel,verb
the,other
way,other
i,other
do,verb
today,descrip
'cause,other
you,other
make,verb
me,other
feel,verb
so,descrip
young,descrip
you,other
make,verb
me,other
feel,verb
so,descrip
young,descrip
you,other
make,verb
me,other
feel,verb
so,other
spring,noun
has,verb
sprung,verb
and,other
every,descrip
time,noun
i,other
see,verb
you,other
grin,verb
i’m,other
such,descrip
a,other
happy,descrip
individual,noun
the,other
moment,noun
that,other
you,other
speak,verb
i,other
wanna,other
go,verb
play,verb
hide-and-seek,noun
i,other
wanna,other
go,verb
and,other
bounce,verb
the,other
moon,noun
just,descrip
like,verb
a,other
toy,noun
balloon,noun
you,other
and,other
i,other
are,verb
just,descrip
like,descrip
a,other
couple,noun
of,other
tots,noun
running,verb
across,other
the,other
meadow,noun
picking,verb
up,other
lots,other
of,other
forget-me-nots,noun
you,other
make,verb
me,other
feel,verb
so,descrip
young,descrip
you,other
make,verb
me,other
feel,verb
there,other
are,verb
songs,noun
to,other
be,verb
sung,verb
and,other
bells,noun
to,other
be,verb
rung,verb
and,other
a,other
wonderful,descrip
fling,noun
to,other
be,verb
flung,verb
and,other
even,descrip
when,descrip
i’m,other
old,descrip
and,other
gray,descrip
i’m,other
gonna,other
feel,verb
the,other
way,other
i,other
do,verb
today,descrip
'cause,other
you,other
you,other
make,verb
me,other
feel,verb
so,descrip
young,descrip
you,other
make,verb
me,other
feel,verb
so,descrip
young,descrip
you,other
make,verb
me,other
feel,verb
so,descrip
young,descrip
oh,other
round,other
make,verb
me,other
feel,verb
so,descrip
young,descrip
it,other
happened,verb
in,other
monterey,other
a,other
long,descrip
time,noun
ago,descrip
i,other
met,verb
her,other
in,other
monterey,other
in,other
old,descrip
mexico,other
stars,noun
and,other
steel,noun
guitars,noun
and,other
luscious,descrip
lips,noun
as,other
red,descrip
as,other
wine,noun
broke,verb
somebody’s,other
heart,noun
and,other
i’m,other
afraid,descrip
that,other
it,other
was,verb
mine,other
it,other
happened,verb
in,other
monterey,other
without,other
thinking,verb
twice,descrip
i,other
left,verb
her,other
and,other
threw,verb
away,other
the,other
key,noun
to,other
paradise,noun
my,other
indiscreet,descrip
heart,noun
longs,verb
for,other
the,other
sweetheart,noun
that,other
i,other
left,verb
in,other
old,descrip
monterey,other
ah,other
it,other
happened,verb
in,other
monterey,other
a,other
long,descrip
time,noun
ago,descrip
i,other
met,verb
her,other
in,other
monterey,other
in,other
old,descrip
mexico,other
stars,noun
guitars,noun
lips,noun
red,descrip
as,other
wine,noun
broke,verb
somebody’s,other
heart,noun
and,other
i,other
fear,verb
that,other
it,other
was,verb
mine,other
it,other
happened,verb
in,other
monterey,other
and,other
without,other
thinking,verb
twice,descrip
i,other
left,verb
her,other
and,other
i,other
threw,verb
away,other
the,other
key,noun
to,other
paradise,noun
my,other
indiscreet,descrip
heart,noun
how,descrip
it,other
longs,verb
for,other
that,other
sweetheart,noun
that,other
i,other
left,verb
in,other
old,descrip
monterey,other
every,descrip
kiss,noun
every,descrip
hug,noun
seems,verb
to,other
act,verb
just,descrip
like,descrip
a,other
drug,noun
you’re,other
getting,verb
to,other
be,verb
a,other
habit,noun
with,other
me,other
let,verb
me,other
stay,verb
in,other
your,other
arms,noun
i’m,other
addicted,descrip
to,other
your,other
charms,noun
you’re,other
getting,verb
to,other
be,other
a,other
habit,noun
with,other
me,other
i,other
used,verb
to,other
think,verb
your,other
love,noun
was,verb
something,other
that,other
i,other
could,verb
take,verb
or,other
leave,verb
alone,descrip
but,other
now,descrip
i,other
couldn’t,other
do,verb
without,other
my,other
supply,noun
i,other
need,verb
you,other
for,other
my,other
own,other
oh,other
i,other
can’t,other
break,verb
away,other
i,other
must,verb
have,verb
you,other
every,descrip
day,noun
as,other
regularly,descrip
as,other
coffee,noun
or,other
tea,noun
you’ve,other
got,verb
me,other
in,other
your,other
clutches,noun
and,other
i,other
can’t,other
get,verb
free,descrip
you’re,other
getting,verb
to,other
be,other
a,other
habit,noun
with,other
me,other
oh,other
i,other
can’t,other
break,verb
away,other
i,other
must,verb
have,verb
you,other
every,descrip
day,noun
as,other
regularly,descrip
as,other
coffee,noun
or,other
tea,noun
you’ve,other
got,verb
me,other
in,other
your,other
clutches,noun
and,other
i,other
can’t,other
get,verb
free,descrip
you’re,other
getting,verb
to,other
be,verb
a,other
habit,noun
with,other
me,other
you’re,other
getting,verb
to,other
be,verb
a,other
habit,noun
with,other
me,other
if,other
the,other
nightingales,noun
could,verb
sing,verb
like,descrip
you,other
sing,verb
much,descrip
sweeter,descrip
than,other
they,other
do,verb
'cause,other
you,other
brought,verb
a,other
new,descrip
kind,noun
of,other
love,noun
to,other
me,other
and,other
if,other
the,other
sandman,noun
brought,verb
me,other
dreams,noun
of,other
you,other
i’d,other
want,verb
to,other
sleep,verb
my,other
whole,descrip
life,noun
through,other
you,other
brought,verb
a,other
new,descrip
kind,noun
of,other
love,noun
to,other
me,other
i,other
know,verb
that,other
i’m,other
the,other
slave,noun
you’re,other
the,other
queen,noun
still,descrip
you,other
can,verb
understand,verb
that,other
underneath,descrip
it,other
all,descrip
you’re,other
a,other
maid,noun
and,other
i,other
am,verb
only,descrip
a,other
man,noun
i,other
would,verb
work,verb
and,other
slave,verb
the,other
whole,descrip
day,noun
through,other
if,other
i,other
could,verb
hurry,verb
home,noun
to,other
you,other
you,other
brought,verb
a,other
new,descrip
kind,noun
of,other
love,noun
to,other
me,other
you,other
brought,verb
a,other
new,descrip
kind,noun
of,other
love,noun
to,other
me,other
you,other
brought,verb
a,other
new,descrip
kind,noun
of,other
love,noun
to,other
me,other
i,other
know,verb
that,other
i’m,other
the,other
slave,noun
you’re,other
the,other
queen,noun
still,descrip
you,other
can,verb
understand,verb
that,other
underneath,descrip
it,other
all,descrip
you’re,other
a,other
maid,noun
and,other
i,other
am,verb
only,descrip
a,other
man,noun
i,other
would,verb
work,verb
and,other
slave,verb
the,other
whole,descrip
day,noun
through,other
if,other
i,other
could,verb
hurry,verb
home,noun
to,other
you,other
you,other
brought,verb
a,other
new,descrip
kind,noun
of,other
love,noun
you,other
brought,verb
a,other
new,descrip
kind,noun
of,other
love,noun
you,other
brought,verb
a,other
new,descrip
kind,noun
of,other
love,noun
to,other
me,other
you’re,other
just,descrip
too,descrip
marvelous,descrip
too,descrip
marvelous,descrip
for,other
words,noun
like,descrip
glorious,descrip
glamorous,descrip
and,other
that,other
old,descrip
standby,noun
amorous,descrip
it’s,other
all,descrip
too,descrip
wonderful,descrip
i’ll,other
never,descrip
find,verb
the,other
words,noun
that,other
say,verb
enough,descrip
tell,verb
enough,descrip
i,other
mean,verb
they,other
just,descrip
aren’t,other
swell,descrip
enough,descrip
you’re,other
much,descrip
too,descrip
much,descrip
and,other
just,descrip
too,descrip
very,descrip
very,descrip
to,other
ever,descrip
be,verb
in,other
webster’s,other
dictionary,noun
and,other
so,other
i’m,other
borrowing,verb
a,other
love,noun
song,noun
from,other
the,other
birds,noun
to,other
tell,verb
you,other
that,other
you’re,other
marvelous,descrip
too,descrip
marvelous,descrip
for,other
words,noun
you’re,other
much,descrip
you’re,other
too,descrip
much,descrip
and,other
just,descrip
too,descrip
very,descrip
very,descrip
to,other
ever,descrip
be,verb
to,other
ever,descrip
be,verb
in,other
webster’s,other
dictionary,noun
and,other
so,other
i’m,other
borrowing,verb
a,other
love,noun
song,noun
from,other
the,other
birds,noun
to,other
tell,verb
you,other
that,other
you’re,other
marvelous,descrip
tell,verb
you,other
that,other
you’re,other
marvelous,descrip
tell,verb
you,other
that,other
you’re,other
marvelous,descrip
too,descrip
marvelous,descrip
for,other
words,noun
i,other
look,verb
at,other
you,other
and,other
suddenly,descrip
something,other
in,other
your,other
eyes,noun
i,other
see,verb
soon,descrip
begins,verb
bewitching,verb
me,other
it’s,other
that,other
old,descrip
devil,descrip
moon,noun
that,other
you,other
stole,verb
from,other
the,other
skies,noun
it’s,other
that,other
old,descrip
devil,descrip
moon,noun
in,other
your,other
eyes,noun
you,other
and,other
you,other
glance,noun
make,verb
this,other
romance,noun
too,descrip
hot,descrip
to,other
handle,verb
stars,noun
in,other
the,other
night,noun
blazing,verb
their,other
light,noun
can’t,other
hold,verb
a,other
candle,noun
to,other
your,other
razzle-dazzle,other
you’ve,other
got,verb
me,other
flying,verb
high,descrip
and,other
wide,descrip
on,other
a,other
magic,descrip
carpet,noun
ride,noun
full,verb
of,other
butterflies,noun
inside,descrip
i,other
wanna,other
cry,verb
wanna,other
croon,verb
wanna,other
laugh,verb
like,descrip
a,other
loon,noun
it’s,other
that,other
old,descrip
devil,descrip
moon,noun
in,other
your,other
eyes,noun
just,descrip
when,descrip
i,other
think,verb
i’m,other
free,descrip
as,other
a,other
dove,noun
old,descrip
devil,descrip
moon,noun
deep,descrip
in,other
your,other
eyes,noun
blinds,verb
me,other
with,other
love,noun
every,descrip
time,noun
it,other
rains,verb
it,other
rains,verb
pennies,noun
from,other
heaven,noun
don’t,other
you,other
know,verb
each,descrip
cloud,noun
contains,verb
pennies,noun
from,other
heaven,noun
you’ll,other
find,verb
your,other
fortune’s,noun
falling,verb
all,descrip
over,other
the,other
town,noun
be,other
sure,descrip
that,other
your,other
umbrella,noun
is,other
upside-down ,descrip
trade,verb
them,other
for,other
a,other
package,noun
of,other
sunshine,noun
and,other
flowers,noun
if,other
you,other
want,verb
the,other
things,noun
you,other
love,noun
you,other
must,verb
have,verb
showers,noun
so,other
when,descrip
you,other
hear,verb
it,other
thunder,verb
don’t,other
run,verb
under,other
a,other
tree,noun
there’ll,other
be,verb
pennies,noun
from,other
heaven,noun
for,other
you,other
and,other
me,other
every,descrip
time,noun
every,descrip
time,noun
it,other
rains,verb
it’s,other
gonna,other
rain,verb
pennies,noun
from,other
heaven,noun
don’t,other
you,other
know,verb
every,descrip
cloud,noun
contains,verb
lots,other
of,other
pennies,noun
from,other
heaven,noun
you’ll,other
find,verb
your,other
fortune’s,noun
falling,verb
baby,noun
all,descrip
over,other
the,other
town,noun
be,verb
sure,descrip
be,verb
sure,descrip
that,other
your,other
umbrella,noun
is,other
upside-down ,descrip
trade,verb
them,other
for,other
a,other
package,noun
of,other
sunshine,noun
and,other
flowers,noun
if,other
you,other
want,verb
the,other
things,noun
you,other
love,noun
you’ve,other
got,verb
to,other
have,verb
showers,noun
so,other
when,descrip
you,other
hear,verb
it,other
thunder,verb
don’t,other
run,verb
under,other
a,other
tree,noun
there’ll,other
be,verb
pennies,noun
from,other
heaven,noun
for,other
you,other
and,other
me,other
it’s,other
very,descrip
clear,descrip
our,other
love,noun
is,other
here,descrip
to,other
stay,verb
not,other
for,other
a,other
year,noun
but,other
ever,descrip
and,other
a,other
day,noun
the,other
radio,noun
and,other
the,other
telephone,noun
and,other
the,other
movies,noun
that,other
we,other
know,verb
may,verb
just,descrip
be,verb
passing,verb
fancies,noun
and,other
in,other
time,noun
may,verb
go,verb
but,other
oh,other
my,other
dear,noun
our,other
love,noun
is,other
here,descrip
to,other
stay,verb
together,descrip
we’re,other
going,verb
a,other
long,descrip
long,descrip
way,noun
in,other
time,noun
the,other
rockies,other
may,verb
crumble,verb
gibraltar,other
may,verb
tumble,verb
they’re,other
only,descrip
made,verb
of,other
clay,noun
but,other
our,other
love,noun
is,other
here,descrip
to,other
stay,verb
the,other
radio,noun
and,other
the,other
telephone,noun
and,other
the,other
movies,noun
that,other
we,other
know,verb
may,verb
just,descrip
be,verb
passing,verb
fancies,noun
and,other
in,other
time,noun
may,verb
go,verb
but,other
oh,other
my,other
dear,noun
our,other
love,noun
is,verb
here,descrip
to,other
stay,verb
together,descrip
we’re,other
going,verb
a,other
long,descrip
long,descrip
way,noun
in,other
time,noun
the,other
rockies,other
may,verb
crumble,verb
gibraltar,other
may,verb
tumble,verb
they’re,other
only,descrip
made,verb
of,other
clay,noun
but,other
our,other
love,noun
is,other
here,descrip
to,other
stay,verb
i’ve,other
got,verb
you,other
under,other
my,other
skin,noun
i’ve,other
got,verb
you,other
deep,descrip
in,other
the,other
heart,noun
of,other
me,other
so,descrip
deep,descrip
in,other
my,other
heart,noun
that,other
you’re,other
really,descrip
a,other
part,noun
of,other
me,other
i’ve,other
got,verb
you,other
under,other
my,other
skin,noun
i’d,other
tried,verb
so,other
not,other
to,other
give,verb
in,other
i,other
said,verb
to,other
myself,other
this,other
affair,noun
never,descrip
will,verb
go,verb
so,descrip
well,descrip
but,other
why,descrip
should,verb
i,other
try,verb
to,other
resist,verb
when,descrip
baby,noun
i,other
know,verb
so,descrip
well,descrip
i’ve,other
got,verb
you,other
under,other
my,other
skin,noun
i’d,other
sacrifice,verb
anything,other
come,verb
what,descrip
might,verb
for,other
the,other
sake,noun
of,other
having,verb
you,other
near,descrip
in spite of,other
a,other
warning,verb
voice,noun
that,other
comes,verb
in,other
the,other
night,noun
and,other
repeats,verb
repeats,verb
in,other
my,other
ear,noun
don’t,other
you,other
know,verb
little,descrip
fool,noun
you,other
never,descrip
can,verb
win,verb
use,verb
your,other
mentality,noun
wake,verb
up,other
to,other
reality,noun
but,other
each,descrip
time,noun
that,other
i,other
do,verb
just,descrip
the,other
thought,noun
of,other
you,other
makes,verb
me,other
stop,verb
before,other
i,other
begin,verb
'cause,other
i’ve,other
got,verb
you,other
under,other
my,other
skin,noun
i,other
would,verb
sacrifice,verb
anything,other
come,verb
what,other
might,verb
for,other
the,other
sake,noun
of,other
having,verb
you,other
near,descrip
in spite of,other
the,other
warning,noun
voice,noun
that,other
comes,verb
in,other
the,other
night,noun
and,other
repeats,verb
how,other
it,other
yells,verb
in,other
my,other
ear,noun
don’t,other
you,other
know,verb
little,descrip
fool,noun
you,other
never,descrip
can,verb
win,verb
why,descrip
not,other
use,verb
your,other
mentality,noun
step,verb
up,other
wake,verb
up,other
to,other
reality,noun
but,other
each,descrip
time,noun
i,other
do,verb
just,descrip
the,other
thought,noun
of,other
you,other
makes,verb
me,other
stop,verb
just,descrip
before,other
i,other
don’t,other
'cause,other
i’ve,other
got,verb
you,other
under,other
my,other
skin,noun
yes,other
i’ve,other
got,verb
you,other
under,other
my,other
skin,noun
i,other
took,verb
a,other
trip,noun
on,other
a,other
train,noun
and,other
i,other
thought,noun
about,other
you,other
i,other
passed,verb
a,other
shadowy,descrip
lane,noun
and,other
i,other
thought,noun
about,other
you,other
two,other
or,other
three,other
cars,noun
parked,verb
under,other
the,other
stars,noun
winding,verb
stream,noun
moon,noun
shining,verb
down,other
on,other
some,descrip
little,descrip
town,noun
and,other
with,other
each,descrip
beam,noun
the,other
same,descrip
old,descrip
dream,noun
and,other
every,descrip
stop,noun
that,other
we,other
made,verb
oh,other
i,other
thought,verb
about,other
you,other
and,other
when,descrip
i,other
pulled,verb
down,other
the,other
shade,noun
then,other
i,other
really,descrip
felt,verb
blue,descrip
i,other
peeped,verb
through,other
the,other
crack,noun
looked,verb
at,other
the,other
track,noun
the,other
one,other
going,verb
back,other
to,other
you,other
and,other
what,other
did,verb
i,other
do,verb
i,other
thought,verb
about,other
you,other
there,descrip
were,verb
two,other
or,other
three,other
cars,noun
parked,verb
under,other
the,other
stars,noun
winding,verb
stream,noun
moon,noun
shining,verb
down,other
on,other
some,other
little,descrip
town,noun
and,other
with,other
each,descrip
beam,noun
the,other
same,descrip
old,descrip
dream,noun
and,other
then,other
i,other
peeped,verb
through,other
the,other
crack,noun
and,other
i,other
looked,verb
at,other
the,other
track,noun
the,other
one,other
going,verb
back,other
to,other
you,other
and,other
what,other
did,verb
i,other
do,verb
i,other
thought,verb
about,other
you,other
no,other
tears,noun
no,other
fears,noun
remember,verb
there’s,other
always,descrip
tomorrow,descrip
so,other
what,other
if,other
we,other
have,verb
to,other
part,verb
we’ll,other
be,verb
together,descrip
again,descrip
your,other
kiss,noun
your,other
smile,noun
are,verb
memories,noun
i’ll,other
treasure,verb
forever,descrip
so,other
try,verb
thinking,verb
with,other
your,other
heart,noun
we’ll,other
be,verb
together,descrip
again,descrip
times,noun
when,descrip
i,other
know,verb
you’ll,other
be,verb
lonesome,descrip
times,noun
when,descrip
i,other
know,verb
you’ll,other
be,verb
sad,descrip
don’t,other
let,verb
temptation,noun
surround,verb
you,other
don’t,other
let,verb
the,other
blues,noun
make,verb
you,other
bad,descrip
someday,descrip
someway,descrip
we,other
both,descrip
have,verb
a,other
lifetime,noun
before,other
us,other
for,other
parting,verb
is,other
not,other
goodbye,descrip
we’ll,other
be,verb
together,descrip
again,descrip
times,noun
when,descrip
i,other
know,verb
you’ll,other
be,verb
lonesome,descrip
times,noun
when,descrip
i,other
know,verb
you’ll,other
be,verb
sad,descrip
don’t,other
let,verb
temptation,noun
surround,verb
you,other
don’t,other
let,verb
the,other
blues,noun
make,verb
you,other
bad,descrip
someday,descrip
someway,descrip
we,other
both,descrip
have,verb
a,other
lifetime,noun
before,other
us,other
for,other
parting,verb
is,other
not,other
goodbye,descrip
we’ll,other
be,verb
together,descrip
again,descrip
another,descrip
bride,noun
another,descrip
june,noun
another,descrip
sunny,descrip
honeymoon,noun
another,descrip
season,noun
another,descrip
reason,noun
for,other
making,verb
whoopee,other
a,other
lot,other
of,other
shoes,noun
a,other
lot,other
of,other
rice,noun
the,other
groom,noun
is,verb
nervous,descrip
he,other
answers,verb
twice,descrip
it’s,other
really,descrip
killing,verb
that,other
he’s,other
so,descrip
willing,verb
to,other
make,verb
whoopee,other
picture,noun
a,other
little,descrip
love,noun
nest,noun
down,other
where,descrip
the,other
roses,noun
cling,verb
picture,noun
the,other
same,descrip
sweet,descrip
love,noun
nest,noun
and,other
think,verb
what,descrip
a,other
year,noun
can,verb
bring,verb
he’s,other
washing,verb
dishes,noun
and,other
baby,noun
clothes,noun
he’s,other
so,descrip
ambitious,descrip
he,other
even,descrip
sews,verb
but,other
don’t,other
forget,verb
folks,noun
that’s,other
what,other
you,other
get,verb
folks,noun
for,other
making,verb
whoopee,other
another,descrip
bride,noun
another,descrip
june,noun
another,descrip
sunny,descrip
a,other
sunny,descrip
honeymoon,noun
another,descrip
reason,noun
is,other
that,other
season,noun
for,other
making,verb
whoopee,other
a,other
mess,noun
of,other
shoes,noun
a,other
gang,noun
of,other
rice,noun
the,other
groom,noun
is,verb
nervous,descrip
that,other
he,other
answers,verb
twice,descrip
it’s,other
really,descrip
killing,verb
this,other
cat,noun
so,other
willing,verb
to,other
make,verb
whoopee,other
now,descrip
he’s,other
washing,verb
dishes,noun
with,other
those,other
baby,noun
clothes,noun
he’s,other
so,descrip
ambitious,descrip
man,noun
he,other
even,descrip
sews,verb
but,other
don’t,other
forget,verb
folks,noun
that’s,other
what,other
you,other
get,verb
folks,noun
for,other
making,verb
whoopee,other
but,other
don’t,other
forget,verb
folks,noun
that’s,other
what,other
you,other
get,verb
folks,noun
for,other
making,verb
whoopee,other
everybody’s,other
hand,noun
in,other
hand,noun
swinging,verb
down,other
the,other
lane,noun
everybody’s,other
feeling,verb
grand,descrip
swinging,verb
down,other
the,other
lane,noun
that’s,other
the,other
time,noun
i,other
miss,verb
the,other
bliss,noun
that,other
we,other
might,verb
have,verb
known,verb
nights,noun
like,descrip
this,other
when,descrip
i’m,other
all,descrip
alone,descrip
when,descrip
the,other
moon,noun
is,verb
on,other
the,other
rise,noun
baby,noun
i’m,other
so,descrip
blue,descrip
watching,verb
lovers,noun
making,verb
eyes,noun
like,descrip
we,other
used,verb
to,other
do,verb
when,descrip
the,other
moon,noun
is,verb
on,other
the,other
wane,noun
still,descrip
i’m,other
waiting,verb
all,descrip
in,other
vain,other
should,verb
be,verb
swinging,verb
down,other
the,other
lane,noun
with,other
you,other
when,descrip
the,other
moon,noun
is,other
on,other
the,other
rise,noun
baby,noun
i’m,other
so,descrip
blue,descrip
watching,verb
lovers,noun
making,verb
eyes,noun
like,descrip
we,other
used,verb
to,other
do,verb
when,descrip
the,other
moon,noun
is,verb
on,other
the,other
wane,noun
still,descrip
i’m,other
waiting,verb
all,descrip
in,other
vain,other
should,verb
be,verb
swinging,verb
down,other
the,other
lane,noun
with,other
you,other
in,other
olden,descrip
days,noun
a,other
glimpse,noun
of,other
stocking,noun
was,other
looked,verb
on,other
as,other
something,other
shocking,verb
now,descrip
heaven,noun
knows,verb
anything,other
goes,verb
good,descrip
authors,noun
too,descrip
who,descrip
once,descrip
knew,verb
better,descrip
words,noun
now,descrip
only,descrip
use,verb
four-letter ,descrip
words,noun
writing,verb
prose,noun
anything,other
goes,verb
the,other
world,noun
has,verb
gone,verb
mad,descrip
today,descrip
and,other
good’s,other
bad,descrip
today,descrip
and,other
black’s,other
white,descrip
today,descrip
and,other
day’s,noun
night,noun
today,descrip
when,descrip
most,descrip
guys,noun
today,descrip
that,other
women,noun
prize,verb
today,descrip
are,other
just,descrip
silly,descrip
gigolos,noun
so,other
though,other
i’m,other
not,other
a,other
great,descrip
romancer,noun
i,other
know,verb
that,other
you’re,other
bound,verb
to,other
answer,verb
when,descrip
i,other
propose,verb
anything,other
goes,verb
in,other
olden,descrip
days,noun
a,other
glimpse,noun
of,other
stocking,noun
was,verb
looked,verb
on,other
as,other
something,other
shocking,descrip
now,descrip
heaven,noun
knows,verb
anything,other
goes,verb
and,other
good,descrip
authors,noun
too,descrip
who,other
once,descrip
knew,verb
better,descrip
words,noun
now,descrip
only,descrip
use,verb
four-letter ,descrip
words,noun
writing,verb
prose,noun
'cause,other
anything,other
goes,verb
the,other
world,noun
has,verb
gone,verb
mad,descrip
today,descrip
and,other
good’s,other
bad,descrip
today,descrip
and,other
black’s,other
white,descrip
today,descrip
and,other
day’s,noun
night,noun
today,descrip
when,descrip
most,descrip
guys,noun
today,descrip
that,other
women,noun
prize,verb
today,descrip
are,verb
just,descrip
silly,descrip
gigolos,noun
so,other
though,other
i’m,other
not,other
a,other
great,descrip
romancer,noun
i,other
know,verb
that,other
you’re,other
bound,verb
to,other
answer,verb
when,descrip
i,other
propose,verb
anything,other
goes,verb
may,verb
i,other
say,verb
before,other
this,other
record,noun
spins,verb
to,other
a,other
close,noun
i,other
want,verb
you,other
to,other
know,verb
anything,other
goes,verb
i,other
like,verb
new york ,other
in,other
june,noun
how,descrip
about,other
you,other
i,other
like,verb
a,other
gershwin,other
tune,noun
how,descrip
about,other
you,other
i,other
love,verb
a,other
fireside,noun
when,descrip
a,other
storm,noun
is,verb
due,descrip
i,other
like,descrip
potato,noun
chips,noun
moonlight,noun
motor,noun
trips,noun
how,descrip
about,other
you,other
i’m,other
mad,descrip
about,other
good,descrip
books,noun
can’t,other
get,verb
my,other
fill,verb
and,other
james,other
durantes,other
looks,noun
give,verb
me,other
a,other
thrill,noun
holding,verb
hands,noun
in,other
the,other
movie,noun
show,noun
when,descrip
all,descrip
the,other
lights,noun
are,verb
low,descrip
may,verb
not,other
be,verb
new,descrip
but,other
i,other
like,verb
it,other
how,descrip
about,other
you,other
i,other
like,verb
new york ,other
in,other
june,noun
how,descrip
about,other
you,other
i,other
like,verb
a,other
gershwin,other
tune,noun
how,descrip
about,other
you,other
i,other
love,verb
a,other
fireside,noun
when,descrip
a,other
storm,noun
is,verb
due,descrip
how,descrip
about,other
you,other
i’m,other
mad,descrip
about,other
good,descrip
books,noun
can’t,other
get,verb
my,other
fill,noun
and,other
james,other
durantes,other
looks,noun
they,other
give,verb
me,other
a,other
thrill,noun
holding,verb
hands,noun
in,other
the,other
movie,noun
show,noun
when,descrip
all,descrip
the,other
lights,noun
are,verb
low,descrip
may,verb
not,other
be,verb
new,descrip
but,other
i,other
like,verb
it,other
and,other
i,other
like,verb
it,other
i,other
like,verb
it,other
how,descrip
about,other
you,other
